"","Feature   ","rho   ","p-value   ","FDR   "
"529","LCN2",-0.88,"6.92e-21","6.94e-18"
"403","SOD2",-0.81,"3.83e-15","1.92e-12"
"473","CEBPD",-0.81,"5.75e-15","1.92e-12"
"260","CXCL3",-0.77,"7.34e-13","1.67e-10"
"983","ID1",-0.77,"8.35e-13","1.67e-10"
"804","IL32",-0.75,"4.17e-12","6.97e-10"
"994","PI3",-0.74,"1.34e-11","1.91e-09"
"186","CCL20",-0.74,"1.73e-11","2.17e-09"
"259","CXCL1",-0.74,"2.16e-11","2.40e-09"
"359","TRIM31",-0.73,"2.89e-11","2.90e-09"
"392","NCOA7",-0.73,"3.5e-11","3.19e-09"
"261","CXCL2",-0.73,"4.02e-11","3.36e-09"
"134","HK2",-0.71,"1.76e-10","1.28e-08"
"743","GPX2",-0.71,"1.78e-10","1.28e-08"
"862","NOS2",-0.7,"4.64e-10","3.06e-08"
"377","TNFRSF21",-0.7,"4.89e-10","3.06e-08"
"73","MUC1",-0.69,"8.34e-10","4.92e-08"
"497","TRIB1",-0.69,"1.16e-09","6.49e-08"
"365","CFB",-0.68,"1.87e-09","9.85e-08"
"246","S100P",-0.68,"1.99e-09","9.97e-08"
"324","SPINK1",-0.67,"4.15e-09","1.98e-07"
"756","CKB",-0.67,"6.05e-09","2.76e-07"
"957","CEACAM1",-0.66,"7.66e-09","3.34e-07"
"739","ERO1A",-0.66,"9.16e-09","3.83e-07"
"746","FOS",-0.65,"2.38e-08","9.50e-07"
"263","AREG",-0.65,"2.47e-08","9.50e-07"
"350","TDP2",-0.65,"2.56e-08","9.50e-07"
"754","WARS",-0.64,"3.7e-08","1.33e-06"
"522","BSPRY",-0.64,"4.82e-08","1.67e-06"
"65","SELENBP1",-0.63,"6.07e-08","2.03e-06"
"503","C8orf33",-0.62,"9.88e-08","3.14e-06"
"532","ASS1",-0.62,"1e-07","3.14e-06"
"223","MUC13",-0.61,"1.94e-07","5.89e-06"
"911","SOCS3",-0.61,"2.37e-07","7.00e-06"
"121","LRATD1",-0.6,"3.23e-07","9.25e-06"
"752","VRK1",-0.6,"3.52e-07","9.79e-06"
"916","SLC16A3",-0.6,"4.75e-07","1.29e-05"
"118","ID2",-0.59,"5.78e-07","1.51e-05"
"955","CEACAM7",-0.59,"5.86e-07","1.51e-05"
"521","KLF4",-0.59,"6.17e-07","1.55e-05"
"947","FXYD3",-0.59,"6.53e-07","1.60e-05"
"268","PLAC8",-0.59,"7.63e-07","1.82e-05"
"368","TAP1",-0.59,"8.1e-07","1.89e-05"
"384","PRDM1",-0.59,"8.66e-07","1.97e-05"
"382","ME1",-0.58,"1.12e-06","2.49e-05"
"273","SLC39A8",-0.57,"1.55e-06","3.39e-05"
"679","NR4A1",-0.57,"1.68e-06","3.58e-05"
"84","ATP1B1",-0.57,"1.86e-06","3.89e-05"
"372","C6orf132",-0.57,"2.14e-06","4.38e-05"
"1015","BACE2",-0.57,"2.19e-06","4.39e-05"
"440","NAMPT",-0.57,"2.29e-06","4.51e-05"
"101","CD55",-0.56,"3.48e-06","6.71e-05"
"903","JPT1",-0.56,"3.78e-06","7.15e-05"
"913","ALYREF",-0.55,"4.2e-06","7.81e-05"
"262","EREG",-0.55,"5.02e-06","9.16e-05"
"780","C2CD4A",-0.54,"6.75e-06","1.21e-04"
"480","LACTB2",-0.54,"6.91e-06","1.22e-04"
"124","XDH",-0.54,"7.11e-06","1.23e-04"
"1007","STMN3",-0.54,"7.28e-06","1.24e-04"
"915","FASN",-0.54,"7.41e-06","1.24e-04"
"450","AHCYL2",-0.54,"7.61e-06","1.25e-04"
"579","DMBT1",-0.54,"1.03e-05","1.67e-04"
"506","LURAP1L",-0.54,"1.05e-05","1.67e-04"
"998","DNTTIP1",-0.53,"1.07e-05","1.67e-04"
"177","FN1",0.53,"1.18e-05","1.82e-04"
"215","HHLA2",-0.53,"1.34e-05","2.03e-04"
"232","TM4SF1",-0.53,"1.47e-05","2.21e-04"
"615","PLAAT3",-0.52,"1.69e-05","2.50e-04"
"970","TRIB3",-0.52,"1.76e-05","2.56e-04"
"891","NME1",-0.52,"1.79e-05","2.56e-04"
"846","SLC7A5",-0.52,"2.33e-05","3.30e-04"
"290","SORBS2",0.52,"2.44e-05","3.40e-04"
"499","NDRG1",-0.51,"2.73e-05","3.75e-04"
"4","ERRFI1",-0.51,"2.77e-05","3.75e-04"
"772","SORD",-0.51,"2.93e-05","3.92e-04"
"807","SOCS1",-0.51,"3.11e-05","4.10e-04"
"476","SDCBP",-0.5,"4.03e-05","5.25e-04"
"773","DUOX2",-0.5,"4.18e-05","5.37e-04"
"974","CDC25B",-0.5,"4.62e-05","5.86e-04"
"67","S100A9",-0.5,"4.67e-05","5.86e-04"
"356","HIST1H2BH",-0.5,"5.04e-05","6.24e-04"
"732","NFKBIA",-0.5,"5.21e-05","6.37e-04"
"991","MYBL2",-0.5,"5.33e-05","6.45e-04"
"765","ARHGAP11A",-0.5,"5.42e-05","6.47e-04"
"369","KIFC1",-0.49,"7.01e-05","8.27e-04"
"817","NUPR1",-0.49,"7.88e-05","9.12e-04"
"474","MCM4",-0.49,"7.91e-05","9.12e-04"
"477","GGH",-0.49,"8.22e-05","9.37e-04"
"909","TK1",-0.48,"8.71e-05","9.82e-04"
"806","CIITA",-0.48,"9.17e-05","1.01e-03"
"178","IGFBP2",-0.48,"9.21e-05","1.01e-03"
"21","IFI6",-0.48,"9.25e-05","1.01e-03"
"1004","AURKA",-0.48,"1.25e-04","1.35e-03"
"71","CKS1B",-0.47,"1.28e-04","1.36e-03"
"937","DNAJB1",-0.47,"1.34e-04","1.42e-03"
"695","OAS1",-0.47,"1.38e-04","1.44e-03"
"151","TMEM37",-0.47,"1.41e-04","1.45e-03"
"565","C10orf99",-0.47,"1.51e-04","1.54e-03"
"333","ATP10B",-0.47,"1.66e-04","1.68e-03"
"650","OR8D4",0.47,"1.77e-04","1.78e-03"
"611","MS4A12",-0.46,"1.9e-04","1.89e-03"
"688","LGR5",0.46,"2e-04","1.97e-03"
"500","PTP4A3",-0.46,"2.07e-04","2.01e-03"
"698","TESC",-0.46,"2.08e-04","2.01e-03"
"958","PLAUR",-0.46,"2.2e-04","2.09e-03"
"651","OR4D5",0.46,"2.21e-04","2.09e-03"
"988","TGM2",-0.46,"2.23e-04","2.09e-03"
"367","PSMB9",-0.46,"2.43e-04","2.25e-03"
"1061","SLC6A8",-0.45,"2.81e-04","2.59e-03"
"47","GBP1",-0.45,"2.88e-04","2.62e-03"
"106","ATF3",-0.45,"2.9e-04","2.62e-03"
"38","TACSTD2",-0.45,"3.26e-04","2.92e-03"
"141","FABP1",-0.45,"3.66e-04","3.25e-03"
"979","JAG1",-0.44,"3.78e-04","3.33e-03"
"972","SNRPB",-0.44,"3.86e-04","3.36e-03"
"677","TUBA1C",-0.44,"4.38e-04","3.78e-03"
"176","CASP10",-0.44,"4.43e-04","3.80e-03"
"515","PRUNE2",-0.44,"4.63e-04","3.94e-03"
"782","PCLAF",-0.44,"4.7e-04","3.96e-03"
"272","H2AFZ",-0.44,"4.9e-04","4.09e-03"
"328","CD74",-0.44,"4.93e-04","4.09e-03"
"1049","ACE2",-0.44,"4.97e-04","4.09e-03"
"31","TSPAN1",-0.44,"5.03e-04","4.10e-03"
"237","NAALADL2",0.44,"5.14e-04","4.15e-03"
"859","AURKB",-0.43,"5.32e-04","4.27e-03"
"716","LMO7",-0.43,"5.41e-04","4.31e-03"
"144","FHL2",-0.43,"5.59e-04","4.41e-03"
"379","BAG2",-0.43,"5.95e-04","4.66e-03"
"556","CDK1",-0.43,"6.14e-04","4.77e-03"
"172","SLC40A1",-0.43,"6.47e-04","4.95e-03"
"687","TSPAN8",-0.43,"6.49e-04","4.95e-03"
"357","HIST1H1B",-0.43,"6.52e-04","4.95e-03"
"7","EPHA2",-0.43,"6.8e-04","5.13e-03"
"32","PDZK1IP1",-0.43,"7.07e-04","5.29e-03"
"103","LAMB3",-0.42,"7.56e-04","5.61e-03"
"898","AXIN2",-0.42,"7.88e-04","5.78e-03"
"28","SLC2A1",-0.42,"7.94e-04","5.78e-03"
"510","PRSS3",-0.42,"7.96e-04","5.78e-03"
"690","DUSP6",-0.42,"8.18e-04","5.90e-03"
"731","EGLN3",-0.42,"8.27e-04","5.92e-03"
"614","PLAAT4",-0.42,"8.52e-04","6.06e-03"
"72","EFNA1",-0.42,"8.8e-04","6.22e-03"
"798","JPT2",-0.42,"9.04e-04","6.34e-03"
"398","TNFAIP3",-0.42,"9.31e-04","6.49e-03"
"914","PYCR1",-0.42,"9.5e-04","6.57e-03"
"351","HIST1H1C",-0.41,"9.77e-04","6.71e-03"
"407","FAM20C",0.41,"1.06e-03","7.26e-03"
"603","UBE2L6",-0.41,"1.07e-03","7.26e-03"
"537","TUBB4B",-0.41,"1.1e-03","7.39e-03"
"779","GCNT3",-0.41,"1.11e-03","7.42e-03"
"1008","RTEL1",-0.41,"1.14e-03","7.57e-03"
"538","NRARP",-0.41,"1.15e-03","7.57e-03"
"1000","PLTP",-0.41,"1.16e-03","7.61e-03"
"1054","TIMP1",-0.41,"1.19e-03","7.76e-03"
"163","PDK1",-0.41,"1.28e-03","8.27e-03"
"348","CD83",-0.41,"1.3e-03","8.36e-03"
"187","PID1",-0.41,"1.32e-03","8.41e-03"
"233","MME",0.4,"1.39e-03","8.82e-03"
"655","ST3GAL4",-0.4,"1.51e-03","9.55e-03"
"901","GPRC5C",-0.4,"1.6e-03","1.01e-02"
"337","STC2",-0.4,"1.66e-03","1.03e-02"
"597","EHF",-0.4,"1.72e-03","1.07e-02"
"206","SEMA3B",-0.4,"1.75e-03","1.08e-02"
"674","MGST1",-0.4,"1.76e-03","1.08e-02"
"114","EXO1",-0.39,"1.83e-03","1.11e-02"
"691","LUM",0.39,"1.84e-03","1.11e-02"
"713","OLFM4",-0.39,"1.86e-03","1.11e-02"
"961","FOSB",-0.39,"1.93e-03","1.15e-02"
"373","VEGFA",-0.39,"1.94e-03","1.15e-02"
"910","BIRC5",-0.39,"2.1e-03","1.24e-02"
"1006","PMEPA1",-0.39,"2.13e-03","1.25e-02"
"811","TMC5",-0.39,"2.19e-03","1.28e-02"
"294","AMACR",0.39,"2.3e-03","1.33e-02"
"535","TMEM141",-0.39,"2.32e-03","1.33e-02"
"616","BATF2",-0.39,"2.36e-03","1.35e-02"
"448","HILPDA",-0.38,"2.39e-03","1.36e-02"
"738","PTGDR",0.38,"2.4e-03","1.36e-02"
"226","RUVBL1",-0.38,"2.48e-03","1.40e-02"
"755","TNFAIP2",-0.38,"2.76e-03","1.54e-02"
"298","HMGCS1",-0.38,"2.79e-03","1.56e-02"
"813","PLK1",-0.38,"2.84e-03","1.58e-02"
"663","C1R",-0.38,"2.88e-03","1.59e-02"
"435","BAIAP2L1",-0.38,"2.96e-03","1.62e-02"
"657","NCAPD3",-0.38,"2.97e-03","1.62e-02"
"213","CMSS1",-0.38,"3.07e-03","1.66e-02"
"264","PARM1",-0.37,"3.18e-03","1.72e-02"
"877","CDC6",-0.37,"3.2e-03","1.72e-02"
"573","SCD",-0.37,"3.24e-03","1.73e-02"
"231","PLOD2",-0.37,"3.28e-03","1.74e-02"
"360","IER3",-0.37,"3.31e-03","1.75e-02"
"315","LMNB1",-0.37,"3.33e-03","1.75e-02"
"821","DCTPP1",-0.37,"3.38e-03","1.76e-02"
"625","LRRC32",-0.37,"3.43e-03","1.78e-02"
"495","ATAD2",-0.37,"3.54e-03","1.83e-02"
"516","PSAT1",-0.37,"3.63e-03","1.86e-02"
"984","TPX2",-0.37,"3.63e-03","1.86e-02"
"890","COL1A1",0.37,"3.7e-03","1.88e-02"
"243","MELTF",-0.37,"3.8e-03","1.92e-02"
"985","E2F1",-0.37,"3.8e-03","1.92e-02"
"140","KDM3A",-0.37,"3.99e-03","2.00e-02"
"778","CCNB2",-0.37,"4.12e-03","2.05e-02"
"479","SULF1",0.36,"4.19e-03","2.08e-02"
"249","PROM1",-0.36,"4.3e-03","2.11e-02"
"317","TCF7",-0.36,"4.3e-03","2.11e-02"
"775","C15orf48",-0.36,"4.38e-03","2.14e-02"
"378","MCM3",-0.36,"4.44e-03","2.16e-02"
"182","SGPP2",-0.36,"4.48e-03","2.17e-02"
"190","ARL4C",-0.36,"4.8e-03","2.30e-02"
"993","TOMM34",-0.36,"4.8e-03","2.30e-02"
"195","PPARG",-0.36,"4.95e-03","2.36e-02"
"174","STAT1",-0.36,"5.12e-03","2.43e-02"
"1050","SH3KBP1",-0.36,"5.2e-03","2.46e-02"
"374","CLIC5",-0.35,"5.51e-03","2.60e-02"
"91","PLA2G4A",-0.35,"5.63e-03","2.64e-02"
"1042","CENPM",-0.35,"5.68e-03","2.65e-02"
"692","DCN",0.35,"5.72e-03","2.65e-02"
"336","DUSP1",-0.35,"5.88e-03","2.72e-02"
"436","CYP3A5",-0.35,"5.97e-03","2.75e-02"
"478","RRS1",-0.35,"6.1e-03","2.79e-02"
"482","FABP5",-0.35,"6.23e-03","2.84e-02"
"1047","MXRA5",-0.35,"6.31e-03","2.87e-02"
"148","BUB1",-0.35,"6.56e-03","2.97e-02"
"519","ANP32B",-0.35,"6.63e-03","2.98e-02"
"558","HKDC1",-0.35,"6.71e-03","3.01e-02"
"393","SOGA3",-0.35,"6.8e-03","3.03e-02"
"96","UBE2T",-0.34,"7e-03","3.11e-02"
"554","PRKG1",-0.34,"7.14e-03","3.15e-02"
"241","CLDN1",-0.34,"7.26e-03","3.18e-02"
"667","A2M",0.34,"7.29e-03","3.18e-02"
"540","PFKFB3",-0.34,"7.3e-03","3.18e-02"
"236","ECT2",-0.34,"7.47e-03","3.23e-02"
"838","CENPN",-0.34,"7.47e-03","3.23e-02"
"291","NKD2",-0.34,"7.76e-03","3.34e-02"
"788","BCL2A1",-0.34,"8.07e-03","3.46e-02"
"13","C1QA",0.34,"8.34e-03","3.56e-02"
"571","HELLS",-0.34,"8.48e-03","3.60e-02"
"959","APOE",0.34,"8.63e-03","3.65e-02"
"575","COL17A1",-0.33,"8.98e-03","3.78e-02"
"9","RNF186",-0.33,"9.03e-03","3.78e-02"
"1014","PCP4",-0.33,"9.04e-03","3.78e-02"
"702","CDX2",-0.33,"9.09e-03","3.78e-02"
"803","TNFRSF12A",-0.33,"9.47e-03","3.93e-02"
"950","PPP1R14A",-0.33,"9.62e-03","3.97e-02"
"875","PPP1R1B",-0.33,"9.99e-03","4.11e-02"
"629","MMP7",-0.33,"1.01e-02","4.11e-02"
"671","GUCY2C",-0.33,"1.01e-02","4.11e-02"
"620","GAL",-0.33,"1.06e-02","4.29e-02"
"878","TOP2A",-0.32,"1.15e-02","4.65e-02"
"138","SFTPB",-0.32,"1.16e-02","4.66e-02"
"391","PKIB",-0.32,"1.16e-02","4.67e-02"
"275","CCNA2",-0.32,"1.17e-02","4.69e-02"
"696","OAS3",-0.32,"1.2e-02","4.77e-02"
"827","MMP2",0.32,"1.2e-02","4.77e-02"
"722","COL4A1",0.32,"1.22e-02","4.82e-02"
"904","MYO15B",0.32,"1.22e-02","4.81e-02"
"409","CYP2W1",0.32,"1.23e-02","4.84e-02"
"442","SLC26A3",-0.32,"1.28e-02","5.01e-02"
"20","SFN",-0.32,"1.3e-02","5.04e-02"
"107","PROX1",0.32,"1.37e-02","5.30e-02"
"996","SDC4",-0.32,"1.37e-02","5.30e-02"
"203","PFKFB4",-0.31,"1.46e-02","5.60e-02"
"617","CDCA5",-0.31,"1.52e-02","5.81e-02"
"949","TYROBP",0.31,"1.52e-02","5.81e-02"
"774","DUOXA2",-0.31,"1.54e-02","5.85e-02"
"714","DIAPH3",-0.31,"1.59e-02","6.00e-02"
"531","WDR34",-0.31,"1.62e-02","6.05e-02"
"553","DEPP1",-0.31,"1.62e-02","6.05e-02"
"673","ARHGDIB",-0.31,"1.62e-02","6.05e-02"
"918","TYMS",-0.31,"1.62e-02","6.05e-02"
"1045","CSF2RA",-0.31,"1.63e-02","6.06e-02"
"973","CENPB",-0.31,"1.65e-02","6.12e-02"
"170","COL3A1",0.31,"1.67e-02","6.17e-02"
"586","MUC5B",-0.31,"1.77e-02","6.50e-02"
"23","LAPTM5",0.3,"1.84e-02","6.72e-02"
"637","NXPE1",-0.3,"1.88e-02","6.86e-02"
"922","APCDD1",-0.3,"1.92e-02","6.97e-02"
"46","CLCA4",-0.3,"1.94e-02","7.01e-02"
"161","SPC25",-0.3,"1.94e-02","7.01e-02"
"1021","COL6A1",0.3,"1.95e-02","7.01e-02"
"225","MCM2",-0.3,"1.96e-02","7.01e-02"
"953","CYP2S1",-0.3,"1.97e-02","7.02e-02"
"26","TMEM54",-0.3,"2e-02","7.13e-02"
"334","HMMR",-0.3,"2.03e-02","7.19e-02"
"104","G0S2",-0.3,"2.04e-02","7.21e-02"
"1041","PDGFB",0.3,"2.21e-02","7.78e-02"
"826","AC007906.2",-0.29,"2.23e-02","7.81e-02"
"836","NQO1",-0.29,"2.23e-02","7.81e-02"
"3","VWA1",-0.29,"2.28e-02","7.87e-02"
"153","MCM6",-0.29,"2.28e-02","7.87e-02"
"209","WNT5A",0.29,"2.28e-02","7.87e-02"
"386","SESN1",0.29,"2.28e-02","7.87e-02"
"810","ARL6IP1",-0.29,"2.33e-02","8.01e-02"
"770","NUSAP1",-0.29,"2.35e-02","8.06e-02"
"446","MET",-0.29,"2.38e-02","8.11e-02"
"801","CCNF",-0.29,"2.39e-02","8.11e-02"
"414","MACC1",0.29,"2.4e-02","8.13e-02"
"999","UBE2C",-0.29,"2.41e-02","8.13e-02"
"555","ZWINT",-0.29,"2.45e-02","8.24e-02"
"80","FCGR2A",-0.29,"2.46e-02","8.24e-02"
"341","FOXQ1",-0.29,"2.47e-02","8.26e-02"
"978","PLCB4",-0.29,"2.48e-02","8.27e-02"
"505","PTPRD",-0.29,"2.54e-02","8.45e-02"
"258","CXCL8",-0.29,"2.55e-02","8.45e-02"
"1032","SLC5A1",-0.29,"2.61e-02","8.60e-02"
"77","IFI16",0.29,"2.63e-02","8.62e-02"
"248","CD38",0.29,"2.63e-02","8.62e-02"
"863","TMEM97",-0.29,"2.66e-02","8.71e-02"
"830","MT1G",0.29,"2.69e-02","8.76e-02"
"758","CRIP2",-0.29,"2.7e-02","8.78e-02"
"952","ITPKC",-0.28,"2.74e-02","8.86e-02"
"790","ISG20",-0.28,"2.76e-02","8.90e-02"
"399","RAB32",-0.28,"2.78e-02","8.90e-02"
"581","MKI67",-0.28,"2.78e-02","8.90e-02"
"471","TCIM",-0.28,"2.79e-02","8.92e-02"
"647","TRIM29",-0.28,"2.87e-02","9.13e-02"
"946","RHPN2",-0.28,"2.93e-02","9.30e-02"
"1044","TYMP",-0.28,"2.97e-02","9.40e-02"
"989","FAM83D",-0.28,"2.98e-02","9.40e-02"
"1036","APOL1",-0.28,"2.99e-02","9.40e-02"
"35","DHCR24",-0.28,"3.01e-02","9.44e-02"
"701","ATP12A",-0.28,"3.03e-02","9.48e-02"
"644","H2AFX",-0.28,"3.06e-02","9.53e-02"
"851","FANCA",-0.28,"3.13e-02","9.72e-02"
"15","C1QB",0.28,"3.18e-02","9.85e-02"
"928","FUT3",-0.28,"3.27e-02","1.01e-01"
"331","SPARC",0.28,"3.3e-02","1.01e-01"
"1058","SLC6A14",-0.28,"3.31e-02","1.01e-01"
"424","POLD2",-0.27,"3.35e-02","1.02e-01"
"143","IL1R1",0.27,"3.4e-02","1.04e-01"
"115","LYPD8",0.27,"3.44e-02","1.04e-01"
"977","BMP2",-0.27,"3.44e-02","1.04e-01"
"395","SGK1",-0.27,"3.45e-02","1.04e-01"
"792","MFGE8",0.27,"3.47e-02","1.05e-01"
"893","RNF43",-0.27,"3.5e-02","1.05e-01"
"927","UHRF1",-0.27,"3.5e-02","1.05e-01"
"734","SFTA3",0.27,"3.51e-02","1.05e-01"
"741","DLGAP5",-0.27,"3.54e-02","1.05e-01"
"304","CCNB1",-0.27,"3.56e-02","1.05e-01"
"456","EZH2",-0.27,"3.65e-02","1.08e-01"
"404","ACAT2",-0.27,"3.67e-02","1.08e-01"
"512","MELK",-0.27,"3.68e-02","1.08e-01"
"381","TTK",-0.27,"3.73e-02","1.09e-01"
"423","AEBP1",0.27,"3.76e-02","1.10e-01"
"150","IL1RN",-0.27,"3.83e-02","1.12e-01"
"308","EDIL3",0.27,"3.89e-02","1.13e-01"
"805","ABAT",0.27,"3.91e-02","1.13e-01"
"929","C3",-0.27,"3.93e-02","1.14e-01"
"936","ASF1B",-0.27,"3.94e-02","1.14e-01"
"587","CTSD",0.27,"3.96e-02","1.14e-01"
"533","COL5A1",0.26,"4.1e-02","1.17e-01"
"247","HTRA3",0.26,"4.13e-02","1.18e-01"
"234","SMC4",-0.26,"4.21e-02","1.20e-01"
"900","SOX9",-0.26,"4.24e-02","1.20e-01"
"899","KPNA2",-0.26,"4.25e-02","1.20e-01"
"29","CDC20",-0.26,"4.36e-02","1.23e-01"
"740","BMP4",-0.26,"4.37e-02","1.23e-01"
"762","IGHG3",0.26,"4.39e-02","1.23e-01"
"1001","MMP9",0.26,"4.42e-02","1.24e-01"
"466","LOXL2",0.26,"4.47e-02","1.25e-01"
"570","CEP55",-0.26,"4.59e-02","1.28e-01"
"344","TXNDC5",-0.26,"4.6e-02","1.28e-01"
"475","SNAI2",0.26,"4.62e-02","1.28e-01"
"1028","GGT5",0.26,"4.62e-02","1.28e-01"
"406","THBS2",0.26,"4.64e-02","1.28e-01"
"126","EPAS1",-0.26,"4.65e-02","1.28e-01"
"628","BIRC3",-0.26,"4.68e-02","1.28e-01"
"835","HSD11B2",-0.26,"4.7e-02","1.29e-01"
"1052","GPR34",0.26,"4.72e-02","1.29e-01"
"16","ID3",-0.26,"4.75e-02","1.29e-01"
"244","SPON2",0.26,"4.77e-02","1.29e-01"
"447","CPED1",0.26,"4.77e-02","1.29e-01"
"748","DIO2",-0.26,"4.81e-02","1.30e-01"
"791","HAPLN3",-0.26,"4.88e-02","1.31e-01"
"728","MMP14",-0.25,"5.01e-02","1.34e-01"
"342","SERPINB9",-0.25,"5.06e-02","1.35e-01"
"751","BDKRB2",-0.25,"5.06e-02","1.35e-01"
"884","ETV4",-0.25,"5.2e-02","1.38e-01"
"453","CALD1",0.25,"5.28e-02","1.40e-01"
"843","CRISPLD2",0.25,"5.34e-02","1.41e-01"
"17","FUCA1",-0.25,"5.38e-02","1.42e-01"
"131","ANTXR1",0.25,"5.45e-02","1.43e-01"
"94","ASPM",-0.25,"5.46e-02","1.43e-01"
"789","CEMIP",-0.25,"5.48e-02","1.43e-01"
"800","PGP",-0.25,"5.53e-02","1.45e-01"
"270","SPP1",0.25,"5.58e-02","1.45e-01"
"675","ITPR2",0.25,"5.74e-02","1.49e-01"
"847","CDT1",-0.25,"5.75e-02","1.49e-01"
"253","GABRB1",0.25,"5.79e-02","1.50e-01"
"338","CPEB4",-0.25,"5.8e-02","1.50e-01"
"1035","MCM5",-0.25,"5.86e-02","1.51e-01"
"894","PRR11",-0.25,"5.88e-02","1.51e-01"
"36","PCSK9",-0.24,"5.95e-02","1.52e-01"
"802","PRSS22",-0.24,"5.97e-02","1.52e-01"
"523","TNC",0.24,"5.99e-02","1.52e-01"
"202","SLC6A20",-0.24,"6.03e-02","1.53e-01"
"201","TMEM158",-0.24,"6.04e-02","1.53e-01"
"727","SLC7A7",-0.24,"6.2e-02","1.57e-01"
"10","PLA2G2A",-0.24,"6.24e-02","1.57e-01"
"167","ITGA4",0.24,"6.33e-02","1.59e-01"
"624","WNT11",-0.24,"6.34e-02","1.59e-01"
"427","IKZF1",-0.24,"6.37e-02","1.59e-01"
"771","WDR76",-0.24,"6.41e-02","1.59e-01"
"639","TAGLN",0.24,"6.43e-02","1.59e-01"
"664","CD163",0.24,"6.43e-02","1.59e-01"
"833","CDH11",0.24,"6.43e-02","1.59e-01"
"205","SEMA3F",0.24,"6.46e-02","1.60e-01"
"219","FSTL1",0.24,"6.5e-02","1.60e-01"
"145","ST6GAL2",0.24,"6.68e-02","1.64e-01"
"196","NUP210",-0.24,"6.76e-02","1.66e-01"
"858","CD68",-0.24,"6.82e-02","1.67e-01"
"919","EMILIN2",0.24,"6.84e-02","1.67e-01"
"886","HOXB3",0.24,"6.94e-02","1.69e-01"
"710","LCP1",-0.24,"6.99e-02","1.70e-01"
"605","FAM111B",-0.24,"7.06e-02","1.71e-01"
"252","KLHL5",0.23,"7.26e-02","1.75e-01"
"316","IRF1",-0.23,"7.37e-02","1.78e-01"
"557","SRGN",-0.23,"7.39e-02","1.78e-01"
"222","MYLK",0.23,"7.41e-02","1.78e-01"
"864","ALDOC",-0.23,"7.44e-02","1.78e-01"
"112","GNG4",-0.23,"7.52e-02","1.79e-01"
"214","FILIP1L",-0.23,"7.53e-02","1.79e-01"
"361","LTB",-0.23,"7.62e-02","1.81e-01"
"724","MCF2L",0.23,"7.64e-02","1.81e-01"
"939","KLF2",-0.23,"7.64e-02","1.81e-01"
"85","SELL",-0.23,"7.69e-02","1.81e-01"
"411","SOSTDC1",0.23,"7.69e-02","1.81e-01"
"686","LYZ",-0.23,"7.71e-02","1.81e-01"
"461","NCAPG2",-0.23,"7.86e-02","1.84e-01"
"281","FHDC1",0.23,"7.89e-02","1.84e-01"
"678","SLC11A2",-0.23,"7.95e-02","1.85e-01"
"1029","XBP1",-0.23,"8e-02","1.86e-01"
"185","TM4SF20",-0.23,"8.03e-02","1.86e-01"
"697","OAS2",-0.23,"8.08e-02","1.87e-01"
"300","ITGA1",-0.23,"8.14e-02","1.88e-01"
"542","ITIH5",0.23,"8.3e-02","1.91e-01"
"547","PLXDC2",0.23,"8.3e-02","1.91e-01"
"100","PIGR",-0.23,"8.35e-02","1.92e-01"
"966","IL4I1",-0.23,"8.37e-02","1.92e-01"
"709","EPSTI1",-0.22,"8.47e-02","1.94e-01"
"394","CCN2",-0.22,"8.54e-02","1.95e-01"
"314","SNCAIP",0.22,"8.74e-02","1.99e-01"
"600","LRP4",-0.22,"8.79e-02","2.00e-01"
"418","GGCT",-0.22,"8.95e-02","2.03e-01"
"412","AGR2",0.22,"9.07e-02","2.05e-01"
"443","IMMP2L",0.22,"9.16e-02","2.06e-01"
"680","KRT80",-0.22,"9.19e-02","2.07e-01"
"1010","MAP3K7CL",0.22,"9.21e-02","2.07e-01"
"460","INSIG1",-0.22,"9.23e-02","2.07e-01"
"149","IL1B",-0.22,"9.33e-02","2.08e-01"
"635","ZBTB16",0.22,"9.5e-02","2.12e-01"
"34","PODN",0.21,"9.98e-02","2.14e-01"
"43","ADGRL4",0.21,"9.98e-02","2.14e-01"
"55","CSF1",-0.21,"9.98e-02","2.14e-01"
"95","LMOD1",0.21,"9.98e-02","2.14e-01"
"168","CALCRL",0.21,"9.98e-02","2.14e-01"
"169","TFPI",0.21,"9.98e-02","2.14e-01"
"285","CPE",0.21,"9.98e-02","2.14e-01"
"327","PDGFRB",0.21,"9.98e-02","2.14e-01"
"340","ADAMTS2",0.21,"9.98e-02","2.14e-01"
"387","LAMA4",0.21,"9.98e-02","2.14e-01"
"410","FSCN1",0.21,"9.98e-02","2.14e-01"
"493","COL14A1",0.21,"9.98e-02","2.14e-01"
"541","SFMBT2",0.21,"9.98e-02","2.14e-01"
"576","DUSP5",-0.21,"9.98e-02","2.14e-01"
"645","MCAM",-0.21,"9.98e-02","2.14e-01"
"659","VWF",0.21,"9.98e-02","2.14e-01"
"665","C3AR1",0.21,"9.98e-02","2.14e-01"
"874","PLXDC1",0.21,"9.98e-02","2.14e-01"
"408","PDGFA",-0.21,"1e-01","2.14e-01"
"162","SP5",-0.21,"1.04e-01","2.21e-01"
"355","HIST1H1D",-0.21,"1.04e-01","2.21e-01"
"142","IGKC",0.21,"1.06e-01","2.25e-01"
"470","ADGRA2",0.21,"1.07e-01","2.28e-01"
"109","CAPN8",-0.21,"1.09e-01","2.30e-01"
"155","ARHGAP15",-0.21,"1.09e-01","2.31e-01"
"528","ENG",-0.21,"1.1e-01","2.31e-01"
"730","STXBP6",-0.21,"1.1e-01","2.31e-01"
"824","ORC6",-0.21,"1.1e-01","2.31e-01"
"975","PCNA",-0.21,"1.1e-01","2.31e-01"
"135","REG1A",-0.21,"1.11e-01","2.32e-01"
"289","ANKRD37",-0.21,"1.11e-01","2.32e-01"
"88","LAMC2",-0.21,"1.12e-01","2.32e-01"
"562","DDIT4",-0.21,"1.13e-01","2.34e-01"
"693","PLXNC1",-0.21,"1.13e-01","2.34e-01"
"1056","NOX1",-0.21,"1.13e-01","2.34e-01"
"87","LAMC1",-0.21,"1.15e-01","2.37e-01"
"539","NET1",0.2,"1.16e-01","2.38e-01"
"832","HERPUD1",-0.21,"1.16e-01","2.38e-01"
"941","BST2",0.21,"1.16e-01","2.38e-01"
"24","FABP3",-0.2,"1.17e-01","2.39e-01"
"310","ELL2",0.2,"1.18e-01","2.41e-01"
"40","AK4",-0.2,"1.2e-01","2.45e-01"
"759","CRIP1",0.2,"1.2e-01","2.44e-01"
"353","HIST1H1E",-0.2,"1.21e-01","2.45e-01"
"147","MALL",-0.2,"1.23e-01","2.49e-01"
"256","SULT1B1",-0.2,"1.23e-01","2.49e-01"
"781","CA12",-0.2,"1.24e-01","2.50e-01"
"613","FEN1",-0.2,"1.25e-01","2.51e-01"
"452","AKR1B1",0.2,"1.3e-01","2.61e-01"
"569","IFIT3",-0.2,"1.3e-01","2.61e-01"
"278","SLC7A11",-0.2,"1.31e-01","2.62e-01"
"568","LIPA",0.2,"1.31e-01","2.62e-01"
"525","STOM",-0.2,"1.32e-01","2.63e-01"
"960","APOC2",0.2,"1.33e-01","2.65e-01"
"173","C2orf88",-0.2,"1.34e-01","2.65e-01"
"422","INHBA",0.2,"1.34e-01","2.65e-01"
"434","PDK4",0.2,"1.34e-01","2.65e-01"
"526","OLFML2A",0.2,"1.34e-01","2.65e-01"
"90","PTGS2",-0.2,"1.35e-01","2.66e-01"
"326","CSF1R",0.2,"1.35e-01","2.66e-01"
"156","ZEB2",0.19,"1.36e-01","2.68e-01"
"793","FANCI",-0.19,"1.37e-01","2.68e-01"
"296","OSMR",0.19,"1.39e-01","2.71e-01"
"481","TRPA1",0.19,"1.41e-01","2.73e-01"
"757","GPR132",-0.19,"1.41e-01","2.73e-01"
"283","SFRP2",-0.19,"1.42e-01","2.73e-01"
"437","PCOLCE",0.19,"1.42e-01","2.73e-01"
"518","ASPN",0.19,"1.42e-01","2.73e-01"
"672","MGP",-0.19,"1.42e-01","2.73e-01"
"720","ITGBL1",0.19,"1.42e-01","2.73e-01"
"895","CA4",-0.19,"1.42e-01","2.73e-01"
"42","IFI44",-0.19,"1.43e-01","2.73e-01"
"277","PCDH18",-0.19,"1.43e-01","2.73e-01"
"416","GPNMB",0.19,"1.43e-01","2.73e-01"
"595","DKK3",-0.19,"1.43e-01","2.73e-01"
"146","EDAR",-0.19,"1.44e-01","2.74e-01"
"239","EPHB3",0.19,"1.45e-01","2.76e-01"
"311","RGMB",0.19,"1.45e-01","2.75e-01"
"717","KCTD12",-0.19,"1.45e-01","2.75e-01"
"221","EAF2",-0.19,"1.46e-01","2.76e-01"
"257","JCHAIN",-0.19,"1.47e-01","2.77e-01"
"721","EFNB2",-0.19,"1.48e-01","2.78e-01"
"938","NOTCH3",0.19,"1.49e-01","2.80e-01"
"44","CCN1",0.19,"1.51e-01","2.84e-01"
"322","CD14",0.19,"1.53e-01","2.88e-01"
"486","CCNE2",-0.19,"1.54e-01","2.89e-01"
"2","MXRA8",0.18,"1.6e-01","2.98e-01"
"489","MATN2",0.18,"1.61e-01","3.00e-01"
"593","ADM",-0.18,"1.61e-01","3.00e-01"
"995","SLPI",-0.18,"1.65e-01","3.06e-01"
"208","CACNA1D",0.18,"1.66e-01","3.07e-01"
"439","SERPINE1",0.18,"1.66e-01","3.07e-01"
"216","PHLDB2",0.18,"1.67e-01","3.08e-01"
"849","CPNE7",-0.18,"1.67e-01","3.08e-01"
"22","THEMIS2",-0.18,"1.69e-01","3.11e-01"
"282","TLR2",-0.18,"1.69e-01","3.11e-01"
"646","THY1",0.18,"1.71e-01","3.13e-01"
"129","MEIS1",0.18,"1.72e-01","3.15e-01"
"383","PM20D2",-0.18,"1.76e-01","3.21e-01"
"371","CDKN1A",-0.18,"1.78e-01","3.24e-01"
"885","ITGB3",0.18,"1.79e-01","3.25e-01"
"544","FAM107B",-0.18,"1.8e-01","3.26e-01"
"760","IGHA1",-0.18,"1.8e-01","3.26e-01"
"705","RFC3",-0.17,"1.81e-01","3.28e-01"
"179","IGFBP5",0.17,"1.85e-01","3.35e-01"
"193","MLPH",-0.17,"1.87e-01","3.38e-01"
"164","WIPF1",0.17,"1.89e-01","3.41e-01"
"375","PLA2G7",0.17,"1.9e-01","3.42e-01"
"490","CTHRC1",-0.17,"1.9e-01","3.41e-01"
"855","SPNS2",-0.17,"1.91e-01","3.42e-01"
"287","HMGB2",-0.17,"1.92e-01","3.42e-01"
"888","HOXB9",-0.17,"1.92e-01","3.42e-01"
"501","BOP1",-0.17,"1.93e-01","3.42e-01"
"784","KIF23",-0.17,"1.93e-01","3.42e-01"
"658","FOXM1",-0.17,"1.94e-01","3.42e-01"
"52","COL11A1",0.17,"1.96e-01","3.42e-01"
"224","HEG1",-0.17,"1.96e-01","3.42e-01"
"250","LDB2",0.17,"1.96e-01","3.42e-01"
"362","LST1",-0.17,"1.96e-01","3.42e-01"
"421","SFRP4",0.17,"1.96e-01","3.42e-01"
"550","NRP1",0.17,"1.96e-01","3.42e-01"
"787","ISLR",0.17,"1.96e-01","3.42e-01"
"854","ATP2A3",0.17,"1.96e-01","3.42e-01"
"930","MYO1F",-0.17,"1.96e-01","3.42e-01"
"965","CD37",0.17,"1.96e-01","3.42e-01"
"940","PLVAP",0.17,"1.98e-01","3.44e-01"
"313","LOX",-0.17,"2.01e-01","3.49e-01"
"37","PLPP3",0.17,"2.03e-01","3.52e-01"
"662","C1S",-0.17,"2.03e-01","3.51e-01"
"428","MLXIPL",0.17,"2.04e-01","3.53e-01"
"97","BTG2",0.17,"2.07e-01","3.57e-01"
"230","RBP1",-0.17,"2.07e-01","3.57e-01"
"626","FZD4",0.16,"2.12e-01","3.64e-01"
"809","MYH11",-0.16,"2.12e-01","3.64e-01"
"306","CKMT2",-0.16,"2.13e-01","3.64e-01"
"769","DLL4",0.16,"2.13e-01","3.64e-01"
"157","NR4A2",-0.16,"2.15e-01","3.67e-01"
"220","HCLS1",-0.16,"2.15e-01","3.67e-01"
"53","GPSM2",0.16,"2.17e-01","3.68e-01"
"397","MAP7",-0.16,"2.17e-01","3.68e-01"
"982","CST7",-0.16,"2.18e-01","3.70e-01"
"986","MYL9",0.16,"2.21e-01","3.75e-01"
"967","KLK1",0.16,"2.22e-01","3.75e-01"
"420","NPSR1",-0.16,"2.23e-01","3.77e-01"
"204","COL7A1",0.16,"2.25e-01","3.79e-01"
"610","MS4A7",0.16,"2.26e-01","3.80e-01"
"1038","RAC2",-0.16,"2.26e-01","3.80e-01"
"175","STK17B",-0.16,"2.28e-01","3.82e-01"
"857","XAF1",-0.16,"2.3e-01","3.85e-01"
"689","PHLDA1",0.16,"2.32e-01","3.87e-01"
"543","CCDC3",0.16,"2.33e-01","3.88e-01"
"30","KIF2C",-0.16,"2.35e-01","3.91e-01"
"715","DACH1",-0.15,"2.37e-01","3.94e-01"
"745","PGF",0.15,"2.37e-01","3.94e-01"
"661","ENO2",-0.15,"2.43e-01","4.02e-01"
"1057","TSC22D3",-0.15,"2.43e-01","4.02e-01"
"819","CORO1A",-0.15,"2.44e-01","4.03e-01"
"329","SYNPO",0.15,"2.46e-01","4.06e-01"
"627","CTSC",-0.15,"2.47e-01","4.06e-01"
"11","VWA5B1",-0.15,"2.55e-01","4.19e-01"
"1037","CSF2RB",-0.15,"2.55e-01","4.19e-01"
"718","ABCC4",0.15,"2.56e-01","4.19e-01"
"560","PSAP",-0.15,"2.6e-01","4.26e-01"
"60","HMGCS2",0.15,"2.63e-01","4.28e-01"
"454","TRBC1",0.15,"2.63e-01","4.28e-01"
"642","JAML",0.15,"2.63e-01","4.28e-01"
"719","GPR183",0.15,"2.63e-01","4.28e-01"
"744","LTBP2",0.15,"2.63e-01","4.28e-01"
"305","MAP1B",0.14,"2.69e-01","4.36e-01"
"723","COL4A2",0.14,"2.69e-01","4.36e-01"
"116","PXDN",-0.14,"2.71e-01","4.37e-01"
"469","CLU",0.14,"2.71e-01","4.37e-01"
"245","TACC3",-0.14,"2.72e-01","4.37e-01"
"451","PODXL",0.14,"2.72e-01","4.37e-01"
"6","PDPN",-0.14,"2.73e-01","4.37e-01"
"284","PDGFC",-0.14,"2.73e-01","4.37e-01"
"370","BNIP5",-0.14,"2.73e-01","4.37e-01"
"881","KRT40",0.14,"2.74e-01","4.38e-01"
"468","ADAMDEC1",0.14,"2.78e-01","4.44e-01"
"171","COL5A2",0.14,"2.8e-01","4.45e-01"
"119","RRM2",-0.14,"2.82e-01","4.49e-01"
"69","S100A4",0.14,"2.83e-01","4.49e-01"
"271","ADH1C",0.14,"2.84e-01","4.51e-01"
"566","CDHR1",0.14,"2.85e-01","4.51e-01"
"438","MUC17",-0.14,"2.86e-01","4.52e-01"
"159","ITGB6",-0.14,"2.87e-01","4.52e-01"
"652","VWA5A",0.14,"2.87e-01","4.52e-01"
"396","MYB",0.14,"2.88e-01","4.53e-01"
"431","FGL2",-0.14,"2.9e-01","4.56e-01"
"870","SLFN5",-0.14,"2.92e-01","4.58e-01"
"429","ELN",-0.14,"2.93e-01","4.59e-01"
"266","CXCL10",-0.14,"2.95e-01","4.60e-01"
"786","LOXL1",0.14,"3e-01","4.67e-01"
"795","SNRNP25",-0.14,"3e-01","4.68e-01"
"596","RASSF10",0.13,"3.04e-01","4.73e-01"
"136","TRABD2A",-0.13,"3.06e-01","4.76e-01"
"325","SLC26A2",-0.13,"3.08e-01","4.76e-01"
"612","SLC15A3",0.13,"3.08e-01","4.76e-01"
"1048","PRPS2",-0.13,"3.08e-01","4.76e-01"
"761","IGHG1",0.13,"3.1e-01","4.79e-01"
"545","VIM",0.13,"3.13e-01","4.82e-01"
"829","MT1F",0.13,"3.14e-01","4.82e-01"
"796","MSLN",-0.13,"3.15e-01","4.84e-01"
"594","MRVI1",0.13,"3.16e-01","4.84e-01"
"926","SEC11C",-0.13,"3.16e-01","4.84e-01"
"502","RECQL4",-0.13,"3.17e-01","4.84e-01"
"14","C1QC",-0.13,"3.18e-01","4.84e-01"
"607","CBLIF",-0.13,"3.18e-01","4.84e-01"
"704","ALOX5AP",0.13,"3.19e-01","4.85e-01"
"1031","EMID1",-0.13,"3.2e-01","4.86e-01"
"1053","MAOA",0.13,"3.23e-01","4.90e-01"
"776","FBN1",0.13,"3.24e-01","4.90e-01"
"1055","PIM2",-0.13,"3.24e-01","4.90e-01"
"302","GZMA",-0.13,"3.26e-01","4.92e-01"
"349","ID4",-0.13,"3.28e-01","4.94e-01"
"181","DES",-0.13,"3.3e-01","4.97e-01"
"485","CDH17",-0.13,"3.3e-01","4.97e-01"
"551","CXCL12",-0.13,"3.32e-01","4.97e-01"
"643","CD3D",-0.13,"3.32e-01","4.97e-01"
"951","FCGBP",-0.13,"3.32e-01","4.97e-01"
"1020","COL18A1",0.13,"3.36e-01","5.01e-01"
"943","IFI30",0.13,"3.37e-01","5.01e-01"
"812","ACSM3",0.13,"3.4e-01","5.01e-01"
"413","AGR3",-0.13,"3.41e-01","5.01e-01"
"768","PHGR1",-0.13,"3.41e-01","5.01e-01"
"66","CGN",-0.12,"3.43e-01","5.01e-01"
"563","PLAU",0.12,"3.43e-01","5.01e-01"
"763","IGHM",-0.12,"3.43e-01","5.01e-01"
"48","GBP5",-0.12,"3.45e-01","5.01e-01"
"59","TENT5C",0.12,"3.45e-01","5.01e-01"
"152","LIMS2",0.12,"3.45e-01","5.01e-01"
"279","EDNRA",0.12,"3.45e-01","5.01e-01"
"458","GIMAP4",-0.12,"3.45e-01","5.01e-01"
"546","MRC1",-0.12,"3.45e-01","5.01e-01"
"818","ZG16",0.12,"3.45e-01","5.01e-01"
"839","PLCG2",-0.12,"3.45e-01","5.01e-01"
"861","MFAP4",0.12,"3.45e-01","5.01e-01"
"871","SLFN11",-0.12,"3.45e-01","5.01e-01"
"981","CD93",0.12,"3.45e-01","5.01e-01"
"990","MAFB",-0.12,"3.45e-01","5.01e-01"
"86","RGS16",-0.12,"3.48e-01","5.05e-01"
"108","CENPF",-0.12,"3.53e-01","5.12e-01"
"358","UBD",-0.12,"3.57e-01","5.17e-01"
"711","RUBCNL",-0.12,"3.62e-01","5.23e-01"
"703","FLT1",-0.12,"3.63e-01","5.23e-01"
"987","SAMHD1",-0.12,"3.63e-01","5.23e-01"
"99","RASSF5",-0.12,"3.7e-01","5.32e-01"
"631","MMP12",-0.12,"3.71e-01","5.34e-01"
"608","MS4A6A",0.12,"3.72e-01","5.34e-01"
"472","PLAT",0.12,"3.73e-01","5.34e-01"
"976","MCM8",-0.12,"3.75e-01","5.36e-01"
"853","SERPINF1",0.12,"3.77e-01","5.38e-01"
"935","ACP5",0.12,"3.78e-01","5.38e-01"
"954","AXL",0.12,"3.78e-01","5.38e-01"
"1026","MMP11",0.12,"3.78e-01","5.38e-01"
"589","ASCL2",-0.12,"3.79e-01","5.39e-01"
"920","PTPRM",0.12,"3.8e-01","5.39e-01"
"303","PLPP1",0.11,"3.82e-01","5.40e-01"
"578","HTRA1",-0.11,"3.82e-01","5.40e-01"
"856","KIF1C",-0.11,"3.82e-01","5.40e-01"
"699","RHOF",-0.11,"3.83e-01","5.41e-01"
"240","LIPH",-0.11,"3.84e-01","5.42e-01"
"419","AQP1",-0.11,"3.86e-01","5.44e-01"
"218","CCDC80",-0.11,"3.89e-01","5.46e-01"
"488","SDC2",-0.11,"3.94e-01","5.52e-01"
"242","MUC4",-0.11,"3.96e-01","5.54e-01"
"207","STAB1",0.11,"4e-01","5.60e-01"
"110","LEFTY1",-0.11,"4.05e-01","5.64e-01"
"590","RRM1",-0.11,"4.05e-01","5.64e-01"
"636","NNMT",0.11,"4.05e-01","5.64e-01"
"844","GINS2",-0.11,"4.05e-01","5.64e-01"
"908","SEC14L1",0.11,"4.08e-01","5.66e-01"
"345","NEDD9",-0.11,"4.09e-01","5.67e-01"
"685","RASSF3",-0.11,"4.09e-01","5.67e-01"
"154","CXCR4",-0.11,"4.1e-01","5.68e-01"
"1013","B3GALT5",0.11,"4.16e-01","5.75e-01"
"462","CTSB",0.11,"4.17e-01","5.75e-01"
"592","DCHS1",0.11,"4.18e-01","5.76e-01"
"54","KIAA1324",-0.11,"4.21e-01","5.80e-01"
"1005","ZBP1",-0.11,"4.22e-01","5.80e-01"
"354","HIST1H2BG",0.1,"4.27e-01","5.85e-01"
"524","TRAF1",0.1,"4.28e-01","5.85e-01"
"1018","TFF3",-0.1,"4.28e-01","5.85e-01"
"323","SPRY4",-0.1,"4.29e-01","5.86e-01"
"514","ANXA1",0.1,"4.32e-01","5.90e-01"
"883","RAMP2",0.1,"4.33e-01","5.90e-01"
"1046","IL3RA",0.1,"4.36e-01","5.93e-01"
"747","VASH1",-0.1,"4.38e-01","5.94e-01"
"41","IFI44L",-0.1,"4.4e-01","5.94e-01"
"228","SLCO2A1",-0.1,"4.4e-01","5.94e-01"
"749","FBLN5",0.1,"4.4e-01","5.94e-01"
"1027","DERL3",0.1,"4.4e-01","5.94e-01"
"1060","BGN",0.1,"4.4e-01","5.94e-01"
"1002","CD40",0.1,"4.43e-01","5.97e-01"
"33","STIL",-0.1,"4.47e-01","6.01e-01"
"194","LMCD1",0.1,"4.49e-01","6.02e-01"
"405","SMOC2",0.1,"4.49e-01","6.02e-01"
"896","MRC2",0.1,"4.49e-01","6.02e-01"
"799","SLC9A3R2",-0.1,"4.51e-01","6.04e-01"
"889","PRAC1",0.1,"4.52e-01","6.04e-01"
"320","KIF20A",-0.1,"4.54e-01","6.06e-01"
"113","NID1",-0.1,"4.55e-01","6.06e-01"
"335","LCP2",0.1,"4.55e-01","6.06e-01"
"265","CXCL9",-0.1,"4.56e-01","6.06e-01"
"299","CCL28",-0.1,"4.57e-01","6.07e-01"
"638","NXPE4",0.1,"4.62e-01","6.13e-01"
"997","WFDC2",-0.1,"4.64e-01","6.15e-01"
"217","C3orf52",-0.1,"4.7e-01","6.21e-01"
"330","GM2A",0.09,"4.78e-01","6.31e-01"
"498","SLA",-0.09,"4.79e-01","6.31e-01"
"517","CTSL",0.09,"4.79e-01","6.31e-01"
"660","CD4",0.09,"4.79e-01","6.31e-01"
"74","IQGAP3",-0.09,"4.8e-01","6.31e-01"
"712","CAB39L",-0.09,"4.87e-01","6.39e-01"
"892","TSPOAP1",-0.09,"4.88e-01","6.39e-01"
"1051","CYBB",0.09,"4.88e-01","6.39e-01"
"449","TSPAN33",0.09,"4.91e-01","6.42e-01"
"602","SPI1",0.09,"4.97e-01","6.49e-01"
"683","ITGA5",0.09,"4.97e-01","6.49e-01"
"494","SNTB1",0.09,"5.06e-01","6.59e-01"
"255","IGFBP7",0.09,"5.07e-01","6.59e-01"
"825","NKD1",0.09,"5.08e-01","6.60e-01"
"166","HOXD10",0.09,"5.11e-01","6.63e-01"
"669","CLEC2D",0.09,"5.14e-01","6.66e-01"
"68","S100A8",-0.09,"5.16e-01","6.67e-01"
"267","ANXA3",-0.09,"5.16e-01","6.67e-01"
"621","UCP2",-0.09,"5.17e-01","6.67e-01"
"834","TPPP3",-0.08,"5.19e-01","6.68e-01"
"158","CYTIP",-0.08,"5.21e-01","6.71e-01"
"897","PECAM1",0.08,"5.24e-01","6.74e-01"
"764","AC091057.6",-0.08,"5.26e-01","6.75e-01"
"25","COL16A1",0.08,"5.27e-01","6.75e-01"
"318","CXCL14",-0.08,"5.27e-01","6.75e-01"
"105","TRAF3IP3",0.08,"5.28e-01","6.75e-01"
"192","COL6A3",-0.08,"5.32e-01","6.80e-01"
"879","KRT20",-0.08,"5.33e-01","6.80e-01"
"459","AOC1",0.08,"5.36e-01","6.83e-01"
"380","COL12A1",0.08,"5.37e-01","6.83e-01"
"925","ATP8B1",0.08,"5.39e-01","6.83e-01"
"332","ADAM19",0.08,"5.4e-01","6.83e-01"
"70","RAB13",0.08,"5.43e-01","6.83e-01"
"842","COTL1",-0.08,"5.43e-01","6.83e-01"
"582","PRAP1",-0.08,"5.46e-01","6.83e-01"
"823","ITGAX",0.08,"5.46e-01","6.83e-01"
"840","CDH13",0.08,"5.47e-01","6.83e-01"
"98","PRELP",-0.08,"5.48e-01","6.83e-01"
"130","PLEK",-0.08,"5.48e-01","6.83e-01"
"309","MCTP1",0.08,"5.48e-01","6.83e-01"
"321","MZB1",-0.08,"5.48e-01","6.83e-01"
"463","DLC1",0.08,"5.48e-01","6.83e-01"
"707","LHFPL6",0.08,"5.48e-01","6.83e-01"
"736","GNG2",-0.08,"5.48e-01","6.83e-01"
"852","RFLNB",-0.08,"5.48e-01","6.83e-01"
"866","ADAP2",-0.08,"5.48e-01","6.83e-01"
"872","CCL5",0.08,"5.48e-01","6.83e-01"
"964","PLEKHA4",0.08,"5.49e-01","6.83e-01"
"39","HOOK1",-0.08,"5.51e-01","6.84e-01"
"227","PLXND1",-0.08,"5.51e-01","6.84e-01"
"583","ANO9",-0.08,"5.51e-01","6.84e-01"
"850","DPEP1",-0.08,"5.53e-01","6.84e-01"
"971","SDCBP2",-0.08,"5.54e-01","6.84e-01"
"1022","COL6A2",0.08,"5.54e-01","6.84e-01"
"491","ENPP2",-0.08,"5.55e-01","6.84e-01"
"1016","MX1",0.08,"5.59e-01","6.88e-01"
"618","FOSL1",-0.08,"5.6e-01","6.88e-01"
"619","CD248",0.08,"5.6e-01","6.88e-01"
"948","DMKN",-0.08,"5.61e-01","6.89e-01"
"599","MDK",-0.07,"5.69e-01","6.97e-01"
"432","ABCB1",-0.07,"5.7e-01","6.97e-01"
"604","SERPING1",-0.07,"5.7e-01","6.97e-01"
"634","CRYAB",-0.07,"5.84e-01","7.13e-01"
"808","TXNDC11",0.07,"5.88e-01","7.17e-01"
"274","SYNPO2",-0.07,"5.89e-01","7.17e-01"
"912","TIMP2",0.07,"5.89e-01","7.17e-01"
"63","PLEKHO1",0.07,"5.92e-01","7.19e-01"
"122","EMILIN1",0.07,"6.01e-01","7.30e-01"
"513","TMEM252",-0.07,"6.02e-01","7.30e-01"
"400","AKAP12",0.07,"6.03e-01","7.30e-01"
"753","EVL",0.07,"6.03e-01","7.30e-01"
"132","MXD1",-0.07,"6.04e-01","7.30e-01"
"12","HSPG2",0.07,"6.08e-01","7.33e-01"
"125","SLC8A1",0.07,"6.12e-01","7.38e-01"
"415","ITGB8",0.07,"6.14e-01","7.39e-01"
"968","FPR3",0.07,"6.15e-01","7.39e-01"
"465","ATP6V1B2",0.07,"6.16e-01","7.39e-01"
"508","LRRC19",0.07,"6.16e-01","7.39e-01"
"343","SERPINB6",0.07,"6.19e-01","7.41e-01"
"520","COL15A1",-0.07,"6.2e-01","7.42e-01"
"820","SEPTIN1",0.07,"6.21e-01","7.42e-01"
"487","TP53INP1",0.06,"6.27e-01","7.48e-01"
"1024","AIFM3",0.06,"6.28e-01","7.49e-01"
"200","ITGA9",0.06,"6.29e-01","7.49e-01"
"814","ERN2",-0.06,"6.31e-01","7.50e-01"
"191","ACKR3",0.06,"6.32e-01","7.50e-01"
"426","IGFBP3",0.06,"6.32e-01","7.50e-01"
"117","CMPK2",-0.06,"6.35e-01","7.52e-01"
"511","TPM2",0.06,"6.36e-01","7.52e-01"
"837","MAF",0.06,"6.36e-01","7.52e-01"
"666","CLEC4A",-0.06,"6.37e-01","7.53e-01"
"18","CLIC4",0.06,"6.39e-01","7.53e-01"
"767","THBS1",0.06,"6.39e-01","7.53e-01"
"75","NES",-0.06,"6.42e-01","7.55e-01"
"364","LY6G6D",-0.06,"6.42e-01","7.55e-01"
"1023","ADA2",0.06,"6.43e-01","7.56e-01"
"584","CDHR5",0.06,"6.46e-01","7.57e-01"
"1043","FBLN1",0.06,"6.46e-01","7.57e-01"
"269","SPARCL1",0.06,"6.47e-01","7.57e-01"
"654","ESAM",0.06,"6.48e-01","7.58e-01"
"301","ITGA2",-0.06,"6.51e-01","7.60e-01"
"1017","TMPRSS2",-0.06,"6.53e-01","7.61e-01"
"1034","HMOX1",-0.06,"6.6e-01","7.65e-01"
"831","MT1X",-0.06,"6.67e-01","7.65e-01"
"1012","PSMG1",0.06,"6.67e-01","7.65e-01"
"49","ARHGAP29",-0.06,"6.68e-01","7.65e-01"
"81","FCGR3A",-0.06,"6.68e-01","7.65e-01"
"92","RGS1",-0.06,"6.68e-01","7.65e-01"
"111","AGT",-0.06,"6.68e-01","7.65e-01"
"127","CCDC88A",-0.06,"6.68e-01","7.65e-01"
"211","ADAMTS9",-0.06,"6.68e-01","7.65e-01"
"389","PLN",-0.06,"6.68e-01","7.65e-01"
"561","SPOCK2",0.06,"6.68e-01","7.65e-01"
"572","ENTPD1",-0.06,"6.68e-01","7.65e-01"
"585","MUC2",0.06,"6.68e-01","7.65e-01"
"598","C11orf96",-0.06,"6.68e-01","7.65e-01"
"641","IL10RA",0.06,"6.68e-01","7.65e-01"
"942","JAK3",-0.06,"6.68e-01","7.65e-01"
"165","HOXD11",0.06,"6.75e-01","7.72e-01"
"841","ATP2C2",0.05,"6.76e-01","7.73e-01"
"848","SLC22A31",-0.05,"6.79e-01","7.74e-01"
"433","COL1A2",0.05,"6.84e-01","7.80e-01"
"828","MT2A",0.05,"6.85e-01","7.80e-01"
"656","ETS1",0.05,"6.88e-01","7.82e-01"
"735","NKX2-1",-0.05,"6.89e-01","7.83e-01"
"963","EMP3",0.05,"6.9e-01","7.83e-01"
"923","LAMA3",-0.05,"6.94e-01","7.87e-01"
"530","CERCAM",-0.05,"6.95e-01","7.87e-01"
"729","GZMB",0.05,"6.97e-01","7.88e-01"
"906","RNF157",0.05,"6.98e-01","7.89e-01"
"601","NR1H3",-0.05,"7e-01","7.89e-01"
"388","CALHM6",0.05,"7.02e-01","7.91e-01"
"992","PABPC1L",-0.05,"7.06e-01","7.95e-01"
"630","MMP1",-0.05,"7.15e-01","8.04e-01"
"933","LDLR",-0.05,"7.16e-01","8.04e-01"
"588","LSP1",0.05,"7.19e-01","8.07e-01"
"180","TNS1",-0.05,"7.2e-01","8.07e-01"
"385","CRYBG1",-0.05,"7.26e-01","8.12e-01"
"401","TAGAP",-0.05,"7.26e-01","8.12e-01"
"733","MBIP",-0.05,"7.28e-01","8.14e-01"
"708","RGCC",0.05,"7.31e-01","8.16e-01"
"188","B3GNT7",0.05,"7.32e-01","8.16e-01"
"876","IKZF3",-0.04,"7.55e-01","8.41e-01"
"1","ISG15",-0.04,"7.59e-01","8.44e-01"
"921","RAB31",-0.04,"7.6e-01","8.44e-01"
"700","KNTC1",0.04,"7.61e-01","8.44e-01"
"750","SERPINA1",-0.04,"7.63e-01","8.46e-01"
"670","EMP1",-0.04,"7.67e-01","8.49e-01"
"286","PALLD",0.04,"7.69e-01","8.50e-01"
"352","HIST1H4C",-0.04,"7.7e-01","8.50e-01"
"79","FCER1G",0.04,"7.71e-01","8.50e-01"
"902","CD300A",0.04,"7.73e-01","8.52e-01"
"288","HPGD",-0.04,"7.76e-01","8.55e-01"
"574","CNNM2",0.04,"7.81e-01","8.59e-01"
"133","ACTG2",0.04,"7.82e-01","8.59e-01"
"845","FOXF1",0.04,"7.83e-01","8.60e-01"
"653","VSIG2",0.04,"7.88e-01","8.63e-01"
"45","CLCA1",-0.03,"7.97e-01","8.69e-01"
"51","VCAM1",0.03,"7.97e-01","8.69e-01"
"128","EFEMP1",0.03,"7.97e-01","8.69e-01"
"567","ACTA2",-0.03,"7.97e-01","8.69e-01"
"777","FGF7",0.03,"7.97e-01","8.69e-01"
"417","CPVL",-0.03,"7.99e-01","8.69e-01"
"1019","ITGB2",0.03,"7.99e-01","8.69e-01"
"492","DSCC1",-0.03,"8.01e-01","8.71e-01"
"57","TSPAN2",-0.03,"8.05e-01","8.74e-01"
"198","SLC6A6",-0.03,"8.06e-01","8.74e-01"
"339","PDLIM7",0.03,"8.08e-01","8.75e-01"
"887","HOXB6",-0.03,"8.12e-01","8.77e-01"
"496","SQLE",-0.03,"8.13e-01","8.77e-01"
"944","GDF15",-0.03,"8.14e-01","8.77e-01"
"815","PRKCB",-0.03,"8.15e-01","8.77e-01"
"867","EVI2B",-0.03,"8.15e-01","8.77e-01"
"623","SLCO2B1",0.03,"8.16e-01","8.79e-01"
"1009","ADAMTS1",0.03,"8.23e-01","8.85e-01"
"742","HSPA2",-0.03,"8.25e-01","8.85e-01"
"577","AFAP1L2",0.03,"8.26e-01","8.85e-01"
"694","NTN4",-0.03,"8.26e-01","8.85e-01"
"184","DOCK10",-0.03,"8.28e-01","8.85e-01"
"681","TNS2",-0.03,"8.28e-01","8.85e-01"
"455","TRBC2",-0.03,"8.35e-01","8.92e-01"
"865","SPAG5",-0.03,"8.38e-01","8.95e-01"
"559","UNC5B",0.03,"8.41e-01","8.96e-01"
"430","CCL24",0.03,"8.43e-01","8.98e-01"
"319","TGFBI",0.02,"8.5e-01","9.04e-01"
"1011","RCAN1",0.02,"8.53e-01","9.07e-01"
"548","BAMBI",-0.02,"8.56e-01","9.09e-01"
"1033","TIMP3",0.02,"8.58e-01","9.10e-01"
"307","VCAN",0.02,"8.62e-01","9.12e-01"
"640","FXYD6",-0.02,"8.62e-01","9.12e-01"
"905","EVPL",-0.02,"8.68e-01","9.17e-01"
"785","UACA",-0.02,"8.72e-01","9.21e-01"
"932","ICAM1",0.02,"8.75e-01","9.22e-01"
"860","PMP22",-0.02,"8.8e-01","9.27e-01"
"189","HJURP",0.02,"8.91e-01","9.37e-01"
"346","ADTRP",0.02,"8.92e-01","9.38e-01"
"676","AMIGO2",0.02,"8.96e-01","9.40e-01"
"1025","IGLC1",-0.02,"8.96e-01","9.40e-01"
"56","CD53",-0.02,"8.99e-01","9.42e-01"
"725","RNASE1",-0.02,"9e-01","9.42e-01"
"83","RGS5",-0.02,"9.07e-01","9.48e-01"
"873","ARHGAP23",0.02,"9.08e-01","9.48e-01"
"295","IL7R",0.02,"9.09e-01","9.48e-01"
"292","BASP1",0.01,"9.1e-01","9.48e-01"
"726","TRAC",-0.01,"9.15e-01","9.53e-01"
"606","MPEG1",0.01,"9.16e-01","9.53e-01"
"64","CTSK",0.01,"9.21e-01","9.54e-01"
"1030","ZNRF3",-0.01,"9.21e-01","9.54e-01"
"552","RASSF4",-0.01,"9.29e-01","9.54e-01"
"19","CD52",-0.01,"9.32e-01","9.54e-01"
"76","MNDA",-0.01,"9.32e-01","9.54e-01"
"78","ITLN1",0.01,"9.32e-01","9.54e-01"
"444","CAV2",-0.01,"9.32e-01","9.54e-01"
"507","NFIB",-0.01,"9.32e-01","9.54e-01"
"549","ZEB1",0.01,"9.32e-01","9.54e-01"
"766","GREM1",-0.01,"9.32e-01","9.54e-01"
"822","ITGAL",-0.01,"9.32e-01","9.54e-01"
"962","EHD2",0.01,"9.32e-01","9.54e-01"
"969","LAIR1",0.01,"9.32e-01","9.54e-01"
"1003","TSHZ2",-0.01,"9.32e-01","9.54e-01"
"1039","LGALS2",-0.01,"9.32e-01","9.54e-01"
"1059","SASH3",-0.01,"9.32e-01","9.54e-01"
"1040","LGALS1",0.01,"9.33e-01","9.54e-01"
"123","LBH",-0.01,"9.5e-01","9.70e-01"
"50","F3",0.01,"9.54e-01","9.72e-01"
"210","CADPS",0.01,"9.54e-01","9.72e-01"
"347","EDN1",0.01,"9.55e-01","9.73e-01"
"632","DYNC2H1",-0.01,"9.57e-01","9.74e-01"
"229","RBP2",0.01,"9.65e-01","9.81e-01"
"62","HIST2H2BE",0.01,"9.66e-01","9.81e-01"
"504","DMRT2",-0.01,"9.67e-01","9.81e-01"
"882","KRT19",0,"9.73e-01","9.86e-01"
"297","SELENOP",0,"9.75e-01","9.87e-01"
"251","PCDH7",0,"9.79e-01","9.89e-01"
"816","APOBR",0,"9.79e-01","9.89e-01"
"591","TRIM22",0,"9.81e-01","9.90e-01"
"58","CD2",0,"9.82e-01","9.90e-01"
"880","KRT23",0,"9.84e-01","9.91e-01"
"684","ITGA7",0,"9.89e-01","9.95e-01"
"648","SORL1",0,"9.9e-01","9.95e-01"
"5","PIK3CD",0,"9.92e-01","9.96e-01"
"89","NCF2",0,"9.95e-01","9.97e-01"
"484","CA2",0,"9.95e-01","9.97e-01"
"235","ARL14",0,"9.96e-01","9.97e-01"
"363","AIF1",0,"9.98e-01","9.98e-01"
"8","PADI2",NA,"NA","      NA"
"27","GUCA2A",NA,"NA","      NA"
"61","REG4",NA,"NA","      NA"
"82","OLFML2B",NA,"NA","      NA"
"93","RGS2",NA,"NA","      NA"
"102","CD34",NA,"NA","      NA"
"120","TRIB2",NA,"NA","      NA"
"137","VAMP5",NA,"NA","      NA"
"139","GNLY",NA,"NA","      NA"
"160","FAP",NA,"NA","      NA"
"183","SERPINE2",NA,"NA","      NA"
"197","FBLN2",NA,"NA","      NA"
"199","RFTN1",NA,"NA","      NA"
"212","COL8A1",NA,"NA","      NA"
"238","KLHL6",NA,"NA","      NA"
"254","PDGFRA",NA,"NA","      NA"
"276","FAT4",NA,"NA","      NA"
"280","DCLK2",NA,"NA","      NA"
"293","ADAMTS12",NA,"NA","      NA"
"312","ST8SIA4",NA,"NA","      NA"
"366","TNXB",NA,"NA","      NA"
"376","ADGRF5",NA,"NA","      NA"
"390","GJA1",NA,"NA","      NA"
"402","FNDC1",NA,"NA","      NA"
"425","MYO1G",NA,"NA","      NA"
"441","PRKAR2B",NA,"NA","      NA"
"445","CAV1",NA,"NA","      NA"
"457","GIMAP7",NA,"NA","      NA"
"464","MSR1",NA,"NA","      NA"
"467","ADAM28",NA,"NA","      NA"
"483","CA1",NA,"NA","      NA"
"509","SPINK4",NA,"NA","      NA"
"527","ANGPTL2",NA,"NA","      NA"
"534","EGFL7",NA,"NA","      NA"
"536","PTGDS",NA,"NA","      NA"
"564","KCNMA1",NA,"NA","      NA"
"580","ADAM12",NA,"NA","      NA"
"609","MS4A4A",NA,"NA","      NA"
"622","CHRDL2",NA,"NA","      NA"
"633","POU2AF1",NA,"NA","      NA"
"649","CLMP",NA,"NA","      NA"
"668","KLRB1",NA,"NA","      NA"
"682","ZNF385A",NA,"NA","      NA"
"706","POSTN",NA,"NA","      NA"
"737","NID2",NA,"NA","      NA"
"783","ITGA11",NA,"NA","      NA"
"794","SYNM",NA,"NA","      NA"
"797","TMEM204",NA,"NA","      NA"
"868","CCL2",NA,"NA","      NA"
"869","CCL11",NA,"NA","      NA"
"907","CYGB",NA,"NA","      NA"
"917","COLEC12",NA,"NA","      NA"
"924","TCF4",NA,"NA","      NA"
"931","COL5A3",NA,"NA","      NA"
"934","CNN1",NA,"NA","      NA"
"945","COMP",NA,"NA","      NA"
"956","CD79A",NA,"NA","      NA"
"980","THBD",NA,"NA","      NA"
