sequence,classification
AAAGACATGAAGTTTA-1,"{ ""name"": ""Gleason 5"", ""color"": [ 88, 146, 212 ] }"
AAATACCTATAAGCAT-1,"{ ""name"": ""benign"", ""color"": [ 236, 81, 31 ] }"
AAATAGCTTAGACTTT-1,"{ ""name"": ""Gleason 4"", ""color"": [ 255, 0, 255 ] }"
AAATCGTGTACCACAA-1,"{ ""name"": ""Gleason 4"", ""color"": [ 255, 0, 255 ] }"
AAATTACCTATCGATG-1,"{ ""name"": ""Gleason 4"", ""color"": [ 255, 0, 255 ] }"
AAATTTACCGAAATCC-1,"{ ""name"": ""Gleason 5"", ""color"": [ 88, 146, 212 ] }"
AAATTTGCGGGTGTGG-1,"{ ""name"": ""Gleason 3"", ""color"": [ 0, 255, 0 ] }"
AACCAGTATCACTCTT-1,"{ ""name"": ""Gleason 5"", ""color"": [ 88, 146, 212 ] }"
AACCCTACTGTCAATA-1,"{ ""name"": ""Gleason 4"", ""color"": [ 255, 0, 255 ] }"
AACCTAAAGCCGTCCG-1,"{ ""name"": ""Gleason 3"", ""color"": [ 0, 255, 0 ] }"
AACGATATGTCAACTG-1,"{ ""name"": ""immune cells"", ""color"": [ 76, 181, 175 ] }"
AACGTGCGAAAGTCTC-1,"{ ""name"": ""benign"", ""color"": [ 236, 81, 31 ] }"
AACTCAAGTTAATTGC-1,"{ ""name"": ""Gleason 4"", ""color"": [ 255, 0, 255 ] }"
AACTGGGTTCGAGCCG-1,"{ ""name"": ""Gleason 5"", ""color"": [ 88, 146, 212 ] }"
AAGACTCACGCCCACT-1,"{ ""name"": ""Gleason 5"", ""color"": [ 88, 146, 212 ] }"
AAGCTCGTGCCAAGTC-1,"{ ""name"": ""benign"", ""color"": [ 236, 81, 31 ] }"
AAGGATCGATCGCTTG-1,"{ ""name"": ""tumor stroma"", ""color"": [ 133, 133, 165 ] }"
AAGGCAGGCTGTCTCC-1,"{ ""name"": ""Gleason 4"", ""color"": [ 255, 0, 255 ] }"
AAGTGAGTCGGGTTTA-1,"{ ""name"": ""fibromuscular"", ""color"": [ 41, 50, 214 ] }"
AAGTTCGGCCAACAGG-1,"{ ""name"": ""Gleason 3"", ""color"": [ 0, 255, 0 ] }"
AATAGAACAGAGTGGC-1,"{ ""name"": ""Gleason 3"", ""color"": [ 0, 255, 0 ] }"
AATATCAAGGTCGGAT-1,"{ ""name"": ""Gleason 4"", ""color"": [ 255, 0, 255 ] }"
AATCGCGCAGAGGACT-1,"{ ""name"": ""fibromuscular"", ""color"": [ 41, 50, 214 ] }"
AATCTGGGTAGACCCT-1,"{ ""name"": ""Gleason 5"", ""color"": [ 88, 146, 212 ] }"
AATGATGATACGCTAT-1,"{ ""name"": ""Gleason 4"", ""color"": [ 255, 0, 255 ] }"
AATGATGCGACTCCTG-1,"{ ""name"": ""Gleason 4"", ""color"": [ 255, 0, 255 ] }"
AATGCACCAAGCAATG-1,"{ ""name"": ""Gleason 4"", ""color"": [ 255, 0, 255 ] }"
AATGGTTCTCACAAGC-1,"{ ""name"": ""Gleason 3"", ""color"": [ 0, 255, 0 ] }"
ACAACAGCATGAGCTA-1,"{ ""name"": ""benign"", ""color"": [ 236, 81, 31 ] }"
ACAATTTGGCCATATT-1,"{ ""name"": ""fibromuscular"", ""color"": [ 41, 50, 214 ] }"
ACACCCGAGAAATCCG-1,"{ ""name"": ""Gleason 3"", ""color"": [ 0, 255, 0 ] }"
ACATGGCGCCAAAGTA-1,"{ ""name"": ""Gleason 5"", ""color"": [ 88, 146, 212 ] }"
ACCACCAATGTAACAA-1,"{ ""name"": ""Gleason 5"", ""color"": [ 88, 146, 212 ] }"
ACCATATCCGCAATAA-1,"{ ""name"": ""benign"", ""color"": [ 236, 81, 31 ] }"
ACCCATCTTGAGGGTA-1,"{ ""name"": ""Gleason 3"", ""color"": [ 0, 255, 0 ] }"
ACCCGGATGACGCATC-1,"{ ""name"": ""Gleason 3"", ""color"": [ 0, 255, 0 ] }"
ACCCTATAGGACTGAG-1,"{ ""name"": ""benign"", ""color"": [ 236, 81, 31 ] }"
ACCGGGCCTTTGTTGA-1,"{ ""name"": ""Gleason 4"", ""color"": [ 255, 0, 255 ] }"
ACCGGTCTGAGTACGG-1,"{ ""name"": ""Gleason 5"", ""color"": [ 88, 146, 212 ] }"
ACCTACAGTATGTGGT-1,"{ ""name"": ""fibromuscular"", ""color"": [ 41, 50, 214 ] }"
ACGGGAGTGTCGGCCC-1,"{ ""name"": ""Gleason 4"", ""color"": [ 255, 0, 255 ] }"
ACGTTAATGTCGAAGA-1,"{ ""name"": ""benign"", ""color"": [ 236, 81, 31 ] }"
ACTATCCAGGGCATGG-1,"{ ""name"": ""tumor stroma"", ""color"": [ 133, 133, 165 ] }"
ACTCAGACCTGCTTCT-1,"{ ""name"": ""Gleason 4"", ""color"": [ 255, 0, 255 ] }"
ACTCCCGAATTCGTTT-1,"{ ""name"": ""Gleason 4"", ""color"": [ 255, 0, 255 ] }"
ACTCCCTAGAATAGTA-1,"{ ""name"": ""benign"", ""color"": [ 236, 81, 31 ] }"
ACTCGTAACCCGTCCT-1,"{ ""name"": ""Gleason 4"", ""color"": [ 255, 0, 255 ] }"
ACTCTTCAGCTCCCGC-1,"{ ""name"": ""tumor stroma"", ""color"": [ 133, 133, 165 ] }"
ACTCTTGTATAGTAAC-1,"{ ""name"": ""benign"", ""color"": [ 236, 81, 31 ] }"
ACTGCGGACACACCGT-1,"{ ""name"": ""tumor stroma"", ""color"": [ 133, 133, 165 ] }"
ACTGTATACGCGAGCA-1,"{ ""name"": ""Gleason 4"", ""color"": [ 255, 0, 255 ] }"
ACTTCGCCATACGCAC-1,"{ ""name"": ""immune cells"", ""color"": [ 76, 181, 175 ] }"
ACTTTACCCTCATGAA-1,"{ ""name"": ""Gleason 4"", ""color"": [ 255, 0, 255 ] }"
AGAACGTGGTACATTC-1,"{ ""name"": ""immune cells"", ""color"": [ 76, 181, 175 ] }"
AGAAGTGATTCGTGAT-1,"{ ""name"": ""Gleason 3"", ""color"": [ 0, 255, 0 ] }"
AGACGGGATTGGTATA-1,"{ ""name"": ""Gleason 3"", ""color"": [ 0, 255, 0 ] }"
AGAGATCTCTAAAGCG-1,"{ ""name"": ""benign"", ""color"": [ 236, 81, 31 ] }"
AGAGCAGTTATGAGAC-1,"{ ""name"": ""Gleason 3"", ""color"": [ 0, 255, 0 ] }"
AGAGTTAGAGACCGAT-1,"{ ""name"": ""Gleason 5"", ""color"": [ 88, 146, 212 ] }"
AGATCGTGCATAAGAT-1,"{ ""name"": ""Gleason 4"", ""color"": [ 255, 0, 255 ] }"
AGATCTCAGGTGTGAT-1,"{ ""name"": ""immune cells"", ""color"": [ 76, 181, 175 ] }"
AGATGATGGAGTCTGG-1,"{ ""name"": ""Gleason 4"", ""color"": [ 255, 0, 255 ] }"
AGCGCGGGTGCCAATG-1,"{ ""name"": ""fibromuscular"", ""color"": [ 41, 50, 214 ] }"
AGCGCTAGAGCGATGT-1,"{ ""name"": ""Gleason 4"", ""color"": [ 255, 0, 255 ] }"
AGCGCTTATGGGCAAG-1,"{ ""name"": ""Gleason 5"", ""color"": [ 88, 146, 212 ] }"
AGCGGTTGAGATGTAC-1,"{ ""name"": ""Gleason 5"", ""color"": [ 88, 146, 212 ] }"
AGCGTTCCGATTTAAA-1,"{ ""name"": ""Gleason 5"", ""color"": [ 88, 146, 212 ] }"
AGCTAGAAGCAGAAGT-1,"{ ""name"": ""Gleason 4"", ""color"": [ 255, 0, 255 ] }"
AGCTCTTCGTAACCTT-1,"{ ""name"": ""Gleason 5"", ""color"": [ 88, 146, 212 ] }"
AGCTGTAACCTCAATC-1,"{ ""name"": ""benign"", ""color"": [ 236, 81, 31 ] }"
AGGACGCTCGATGTTG-1,"{ ""name"": ""Gleason 4"", ""color"": [ 255, 0, 255 ] }"
AGGCCCAGTGACTGGT-1,"{ ""name"": ""benign"", ""color"": [ 236, 81, 31 ] }"
AGGGACCGGCTGCGTT-1,"{ ""name"": ""Gleason 4"", ""color"": [ 255, 0, 255 ] }"
AGGTAGGTACAAAGCT-1,"{ ""name"": ""Gleason 3"", ""color"": [ 0, 255, 0 ] }"
AGGTATAATTGATAGT-1,"{ ""name"": ""Gleason 4"", ""color"": [ 255, 0, 255 ] }"
AGGTATGCGGACATTA-1,"{ ""name"": ""tumor stroma"", ""color"": [ 133, 133, 165 ] }"
AGGTTACACCATGCCG-1,"{ ""name"": ""tumor stroma"", ""color"": [ 133, 133, 165 ] }"
AGTAACGTTCATCCTG-1,"{ ""name"": ""Gleason 5"", ""color"": [ 88, 146, 212 ] }"
AGTAGCTAGACGCCGA-1,"{ ""name"": ""Gleason 5"", ""color"": [ 88, 146, 212 ] }"
AGTCCCGCCTTTAATT-1,"{ ""name"": ""benign"", ""color"": [ 236, 81, 31 ] }"
AGTCGGCTCAACTTTA-1,"{ ""name"": ""Gleason 4"", ""color"": [ 255, 0, 255 ] }"
AGTCGGTTGCGTGAGA-1,"{ ""name"": ""tumor stroma"", ""color"": [ 133, 133, 165 ] }"
AGTGATATGAGTAGTT-1,"{ ""name"": ""Gleason 3"", ""color"": [ 0, 255, 0 ] }"
AGTGGCGGCAATTTGA-1,"{ ""name"": ""Gleason 4"", ""color"": [ 255, 0, 255 ] }"
AGTTCTGCGTTGTATC-1,"{ ""name"": ""benign"", ""color"": [ 236, 81, 31 ] }"
ATAACGGAGTCCAACG-1,"{ ""name"": ""immune cells"", ""color"": [ 76, 181, 175 ] }"
ATAAGTAGGGCGACTC-1,"{ ""name"": ""Gleason 4"", ""color"": [ 255, 0, 255 ] }"
ATAAGTTACCGCGACG-1,"{ ""name"": ""Gleason 4"", ""color"": [ 255, 0, 255 ] }"
ATACGAAGGCTTTCCA-1,"{ ""name"": ""tumor stroma"", ""color"": [ 133, 133, 165 ] }"
ATAGGAATCTAAGCTT-1,"{ ""name"": ""Gleason 5"", ""color"": [ 88, 146, 212 ] }"
ATAGGGATATCCTTGA-1,"{ ""name"": ""Gleason 3"", ""color"": [ 0, 255, 0 ] }"
ATCAATCTGGGCTGCA-1,"{ ""name"": ""Gleason 3"", ""color"": [ 0, 255, 0 ] }"
ATCAGGTCGCCATTGC-1,"{ ""name"": ""Gleason 5"", ""color"": [ 88, 146, 212 ] }"
ATCCTACCTAAGCTCT-1,"{ ""name"": ""Gleason 3"", ""color"": [ 0, 255, 0 ] }"
ATCCTGCTGCAGATAG-1,"{ ""name"": ""Gleason 4"", ""color"": [ 255, 0, 255 ] }"
ATCGCTTTACGTCTCA-1,"{ ""name"": ""tumor stroma"", ""color"": [ 133, 133, 165 ] }"
ATCGGCAAGCAGTCCA-1,"{ ""name"": ""Gleason 4"", ""color"": [ 255, 0, 255 ] }"
ATCTGGTTAAGACTGT-1,"{ ""name"": ""immune cells"", ""color"": [ 76, 181, 175 ] }"
ATCTTGACTTGTCCAA-1,"{ ""name"": ""Gleason 4"", ""color"": [ 255, 0, 255 ] }"
ATGCACTACCGCATTG-1,"{ ""name"": ""Gleason 3"", ""color"": [ 0, 255, 0 ] }"
ATGCCATTTGCGACCA-1,"{ ""name"": ""Gleason 4"", ""color"": [ 255, 0, 255 ] }"
ATGCCGGTCTTGCATA-1,"{ ""name"": ""immune cells"", ""color"": [ 76, 181, 175 ] }"
ATGCGACAGTCCCATT-1,"{ ""name"": ""benign"", ""color"": [ 236, 81, 31 ] }"
ATGGAACCTTTGCACA-1,"{ ""name"": ""tumor stroma"", ""color"": [ 133, 133, 165 ] }"
ATGGCTGGAAATGGCC-1,"{ ""name"": ""Gleason 5"", ""color"": [ 88, 146, 212 ] }"
ATTAGGCGATGCTTTC-1,"{ ""name"": ""benign"", ""color"": [ 236, 81, 31 ] }"
ATTCAGGACCTATTTC-1,"{ ""name"": ""Gleason 4"", ""color"": [ 255, 0, 255 ] }"
ATTCCCACATAAACAA-1,"{ ""name"": ""Gleason 3"", ""color"": [ 0, 255, 0 ] }"
ATTGTACAACTCGGCT-1,"{ ""name"": ""Gleason 4"", ""color"": [ 255, 0, 255 ] }"
CAAAGATTATTGGGCC-1,"{ ""name"": ""benign"", ""color"": [ 236, 81, 31 ] }"
CAACAGAATAACGCTA-1,"{ ""name"": ""Gleason 5"", ""color"": [ 88, 146, 212 ] }"
CAACGGTTCTTGATAC-1,"{ ""name"": ""Gleason 3"", ""color"": [ 0, 255, 0 ] }"
CAACTTGTAGTGGGCA-1,"{ ""name"": ""Gleason 4"", ""color"": [ 255, 0, 255 ] }"
CAATAAACCTTGGCCC-1,"{ ""name"": ""immune cells"", ""color"": [ 76, 181, 175 ] }"
CAATACGAGAGTCTGA-1,"{ ""name"": ""Gleason 4"", ""color"": [ 255, 0, 255 ] }"
CAATATTGGACTAGTG-1,"{ ""name"": ""benign"", ""color"": [ 236, 81, 31 ] }"
CAATGGAATCTACATA-1,"{ ""name"": ""Gleason 5"", ""color"": [ 88, 146, 212 ] }"
CACCCAAATCTTATGT-1,"{ ""name"": ""Gleason 4"", ""color"": [ 255, 0, 255 ] }"
CACCCTTTCCTCGCTC-1,"{ ""name"": ""Gleason 4"", ""color"": [ 255, 0, 255 ] }"
CACCGGAGATATCTCC-1,"{ ""name"": ""Gleason 5"", ""color"": [ 88, 146, 212 ] }"
CACCGTTGCGCGATAT-1,"{ ""name"": ""Gleason 3"", ""color"": [ 0, 255, 0 ] }"
CACCTCGATGGTGGAC-1,"{ ""name"": ""Gleason 3"", ""color"": [ 0, 255, 0 ] }"
CACGACCACAGACTTT-1,"{ ""name"": ""Gleason 5"", ""color"": [ 88, 146, 212 ] }"
CACGCACAGCGCAGCT-1,"{ ""name"": ""Gleason 3"", ""color"": [ 0, 255, 0 ] }"
CACGTCTATGATGTGG-1,"{ ""name"": ""Gleason 5"", ""color"": [ 88, 146, 212 ] }"
CAGCCTCTCCTCAAGA-1,"{ ""name"": ""benign"", ""color"": [ 236, 81, 31 ] }"
CAGCTGGCGTAACCGT-1,"{ ""name"": ""Gleason 4"", ""color"": [ 255, 0, 255 ] }"
CAGGACAGCTGCCCTT-1,"{ ""name"": ""tumor stroma"", ""color"": [ 133, 133, 165 ] }"
CAGGCGCCATGCTAGG-1,"{ ""name"": ""benign"", ""color"": [ 236, 81, 31 ] }"
CATACGGCGTCTGGGC-1,"{ ""name"": ""benign"", ""color"": [ 236, 81, 31 ] }"
CATAGCCGCCCGGGAT-1,"{ ""name"": ""Gleason 3"", ""color"": [ 0, 255, 0 ] }"
CATAGCGTTGCCCACC-1,"{ ""name"": ""fibromuscular"", ""color"": [ 41, 50, 214 ] }"
CATCTATCCCGTGTCT-1,"{ ""name"": ""Gleason 4"", ""color"": [ 255, 0, 255 ] }"
CATGACTTCGCTGAAT-1,"{ ""name"": ""Gleason 5"", ""color"": [ 88, 146, 212 ] }"
CATGCACGTGTTACTG-1,"{ ""name"": ""Gleason 5"", ""color"": [ 88, 146, 212 ] }"
CATGGGTCGGGTGTGG-1,"{ ""name"": ""Gleason 3"", ""color"": [ 0, 255, 0 ] }"
CATGGTCTAGATACCG-1,"{ ""name"": ""Gleason 3"", ""color"": [ 0, 255, 0 ] }"
CATTGCAAAGCATAAT-1,"{ ""name"": ""Gleason 3"", ""color"": [ 0, 255, 0 ] }"
CCAAGCGTAACTCGTA-1,"{ ""name"": ""benign"", ""color"": [ 236, 81, 31 ] }"
CCAATTACGGGTCGAG-1,"{ ""name"": ""benign"", ""color"": [ 236, 81, 31 ] }"
CCACACTGAGATATTA-1,"{ ""name"": ""Gleason 4"", ""color"": [ 255, 0, 255 ] }"
CCACAGCTGAAATCAT-1,"{ ""name"": ""Gleason 4"", ""color"": [ 255, 0, 255 ] }"
CCACGAATTTAACCTC-1,"{ ""name"": ""Gleason 5"", ""color"": [ 88, 146, 212 ] }"
CCACGGTGCCCGGTAG-1,"{ ""name"": ""Gleason 4"", ""color"": [ 255, 0, 255 ] }"
CCAGCTACGCCTCATA-1,"{ ""name"": ""Gleason 4"", ""color"": [ 255, 0, 255 ] }"
CCAGCTGATGGTACTT-1,"{ ""name"": ""Gleason 3"", ""color"": [ 0, 255, 0 ] }"
CCAGGGACGTGGCCTC-1,"{ ""name"": ""Gleason 3"", ""color"": [ 0, 255, 0 ] }"
CCATCTCACCAGTGAA-1,"{ ""name"": ""Gleason 3"", ""color"": [ 0, 255, 0 ] }"
CCATCTTGTTCACAAT-1,"{ ""name"": ""Gleason 4"", ""color"": [ 255, 0, 255 ] }"
CCCAACATACGTCGCG-1,"{ ""name"": ""Gleason 3"", ""color"": [ 0, 255, 0 ] }"
CCCGTAAGTCTAGGCC-1,"{ ""name"": ""Gleason 3"", ""color"": [ 0, 255, 0 ] }"
CCGATTGGTCAATGAA-1,"{ ""name"": ""Gleason 5"", ""color"": [ 88, 146, 212 ] }"
CCGCGGGTACGAAGAA-1,"{ ""name"": ""Gleason 3"", ""color"": [ 0, 255, 0 ] }"
CCGGTAATGGCTAGTC-1,"{ ""name"": ""tumor stroma"", ""color"": [ 133, 133, 165 ] }"
CCGGTTTGTAATTGTG-1,"{ ""name"": ""fibromuscular"", ""color"": [ 41, 50, 214 ] }"
CCTAACTAAGGCTCTA-1,"{ ""name"": ""Gleason 4"", ""color"": [ 255, 0, 255 ] }"
CCTACGCGACCTTACA-1,"{ ""name"": ""Gleason 5"", ""color"": [ 88, 146, 212 ] }"
CCTATGAAGTGGTGCC-1,"{ ""name"": ""tumor stroma"", ""color"": [ 133, 133, 165 ] }"
CCTCGCGCGATATAGG-1,"{ ""name"": ""Gleason 4"", ""color"": [ 255, 0, 255 ] }"
CCTGAACGATATATTC-1,"{ ""name"": ""Gleason 3"", ""color"": [ 0, 255, 0 ] }"
CCTGAATATTTACATA-1,"{ ""name"": ""Gleason 3"", ""color"": [ 0, 255, 0 ] }"
CCTGTCACCCGGGCTC-1,"{ ""name"": ""Gleason 3"", ""color"": [ 0, 255, 0 ] }"
CCTGTGCGGATTGTAA-1,"{ ""name"": ""Gleason 5"", ""color"": [ 88, 146, 212 ] }"
CCTTCAGTTAAAGTGA-1,"{ ""name"": ""fibromuscular"", ""color"": [ 41, 50, 214 ] }"
CCTTCTTGATCCAGTG-1,"{ ""name"": ""Gleason 3"", ""color"": [ 0, 255, 0 ] }"
CCTTTCAATGAAGAAA-1,"{ ""name"": ""Gleason 4"", ""color"": [ 255, 0, 255 ] }"
CGAAACGCAATTCATG-1,"{ ""name"": ""Gleason 3"", ""color"": [ 0, 255, 0 ] }"
CGAACCCGCATGCGTC-1,"{ ""name"": ""Gleason 4"", ""color"": [ 255, 0, 255 ] }"
CGAAGTTGCTCTGTGT-1,"{ ""name"": ""Gleason 3"", ""color"": [ 0, 255, 0 ] }"
CGAATTACATGGTGTT-1,"{ ""name"": ""Gleason 5"", ""color"": [ 88, 146, 212 ] }"
CGACTTTGTATAGCCT-1,"{ ""name"": ""Gleason 4"", ""color"": [ 255, 0, 255 ] }"
CGAGAGATGTGAACCT-1,"{ ""name"": ""immune cells"", ""color"": [ 76, 181, 175 ] }"
CGAGTGAAGGTACCAG-1,"{ ""name"": ""benign"", ""color"": [ 236, 81, 31 ] }"
CGAGTGCTATAGTTCG-1,"{ ""name"": ""Gleason 4"", ""color"": [ 255, 0, 255 ] }"
CGATCTGTTGGAGGAC-1,"{ ""name"": ""Gleason 4"", ""color"": [ 255, 0, 255 ] }"
CGATGGACCCTACGCC-1,"{ ""name"": ""Gleason 4"", ""color"": [ 255, 0, 255 ] }"
CGCACGTGCGCTATCA-1,"{ ""name"": ""Gleason 3"", ""color"": [ 0, 255, 0 ] }"
CGCCCTTACATCCACC-1,"{ ""name"": ""Gleason 5"", ""color"": [ 88, 146, 212 ] }"
CGCCGTCTACCCATCG-1,"{ ""name"": ""tumor stroma"", ""color"": [ 133, 133, 165 ] }"
CGCCTGGCCTACGTAA-1,"{ ""name"": ""Gleason 3"", ""color"": [ 0, 255, 0 ] }"
CGCCTTTAGCATGCTC-1,"{ ""name"": ""tumor stroma"", ""color"": [ 133, 133, 165 ] }"
CGCTACGGGACATTTA-1,"{ ""name"": ""Gleason 4"", ""color"": [ 255, 0, 255 ] }"
CGCTAGAGACCGCTGC-1,"{ ""name"": ""Gleason 3"", ""color"": [ 0, 255, 0 ] }"
CGCTCTCCGTAGATTA-1,"{ ""name"": ""Gleason 3"", ""color"": [ 0, 255, 0 ] }"
CGCTGGTGACTACCCT-1,"{ ""name"": ""Gleason 3"", ""color"": [ 0, 255, 0 ] }"
CGGAAATTTCACATCC-1,"{ ""name"": ""Gleason 3"", ""color"": [ 0, 255, 0 ] }"
CGGTTCCGGCTTCTTG-1,"{ ""name"": ""Gleason 4"", ""color"": [ 255, 0, 255 ] }"
CGTCACGTCCATTGGT-1,"{ ""name"": ""Gleason 3"", ""color"": [ 0, 255, 0 ] }"
CGTCTTGAGTGTGACG-1,"{ ""name"": ""fibromuscular"", ""color"": [ 41, 50, 214 ] }"
CGTGCTGGCCTAGTCG-1,"{ ""name"": ""benign"", ""color"": [ 236, 81, 31 ] }"
CGTGGCCGAATATCTA-1,"{ ""name"": ""Gleason 4"", ""color"": [ 255, 0, 255 ] }"
CTAAGTACAGGGCTAC-1,"{ ""name"": ""Gleason 5"", ""color"": [ 88, 146, 212 ] }"
CTACGCACGGAGTACC-1,"{ ""name"": ""Gleason 3"", ""color"": [ 0, 255, 0 ] }"
CTACTATCATAGGTTT-1,"{ ""name"": ""Gleason 3"", ""color"": [ 0, 255, 0 ] }"
CTAGATGTGAGTGTAA-1,"{ ""name"": ""Gleason 4"", ""color"": [ 255, 0, 255 ] }"
CTATAAGAGCCAATCG-1,"{ ""name"": ""Gleason 4"", ""color"": [ 255, 0, 255 ] }"
CTATCGGGTCTCAACA-1,"{ ""name"": ""benign"", ""color"": [ 236, 81, 31 ] }"
CTCAGTCACGACAAAT-1,"{ ""name"": ""Gleason 4"", ""color"": [ 255, 0, 255 ] }"
CTCGAATGGAACGTAT-1,"{ ""name"": ""Gleason 5"", ""color"": [ 88, 146, 212 ] }"
CTCTATTTGGCTGCAG-1,"{ ""name"": ""benign"", ""color"": [ 236, 81, 31 ] }"
CTCTCACAATCGATGA-1,"{ ""name"": ""benign"", ""color"": [ 236, 81, 31 ] }"
CTCTTCTATTGACTGG-1,"{ ""name"": ""Gleason 4"", ""color"": [ 255, 0, 255 ] }"
CTGCCATGCATCACAT-1,"{ ""name"": ""benign"", ""color"": [ 236, 81, 31 ] }"
CTGCTGAGGCCACGAA-1,"{ ""name"": ""Gleason 3"", ""color"": [ 0, 255, 0 ] }"
CTGGGCACTAGTCGGA-1,"{ ""name"": ""Gleason 5"", ""color"": [ 88, 146, 212 ] }"
CTGGGCCTGCTATATC-1,"{ ""name"": ""Gleason 3"", ""color"": [ 0, 255, 0 ] }"
CTGGTAACACATAGAA-1,"{ ""name"": ""Gleason 4"", ""color"": [ 255, 0, 255 ] }"
CTGGTTCAACGCATCA-1,"{ ""name"": ""Gleason 4"", ""color"": [ 255, 0, 255 ] }"
CTGGTTCGCGAGCTAC-1,"{ ""name"": ""Gleason 4"", ""color"": [ 255, 0, 255 ] }"
CTGTGCAGGGTAGGTC-1,"{ ""name"": ""benign"", ""color"": [ 236, 81, 31 ] }"
CTGTTCATCTCACGGG-1,"{ ""name"": ""Gleason 3"", ""color"": [ 0, 255, 0 ] }"
CTTCATAGCTCAAGAA-1,"{ ""name"": ""Gleason 3"", ""color"": [ 0, 255, 0 ] }"
CTTCTATGTTGAAGTA-1,"{ ""name"": ""Gleason 3"", ""color"": [ 0, 255, 0 ] }"
CTTCTATTAATGCTAG-1,"{ ""name"": ""Gleason 3"", ""color"": [ 0, 255, 0 ] }"
CTTGTGCTCACCGATT-1,"{ ""name"": ""Gleason 4"", ""color"": [ 255, 0, 255 ] }"
CTTTAGGAACACTGTT-1,"{ ""name"": ""Gleason 4"", ""color"": [ 255, 0, 255 ] }"
CTTTGAAACATATTCC-1,"{ ""name"": ""Gleason 5"", ""color"": [ 88, 146, 212 ] }"
GAAATTAGCACGGATA-1,"{ ""name"": ""Gleason 4"", ""color"": [ 255, 0, 255 ] }"
GAACGACCGAATGATA-1,"{ ""name"": ""Gleason 3"", ""color"": [ 0, 255, 0 ] }"
GAACGTTAGGAAGACG-1,"{ ""name"": ""benign"", ""color"": [ 236, 81, 31 ] }"
GAACTTAGCGCCCGGT-1,"{ ""name"": ""Gleason 5"", ""color"": [ 88, 146, 212 ] }"
GAAGCGTGAGGAATTT-1,"{ ""name"": ""Gleason 3"", ""color"": [ 0, 255, 0 ] }"
GAAGTGATTTATCGTG-1,"{ ""name"": ""Gleason 4"", ""color"": [ 255, 0, 255 ] }"
GAAGTTTCCACTCAAT-1,"{ ""name"": ""Gleason 4"", ""color"": [ 255, 0, 255 ] }"
GAATAGACGCGACCCA-1,"{ ""name"": ""Gleason 4"", ""color"": [ 255, 0, 255 ] }"
GAATTATAGTGAAAGG-1,"{ ""name"": ""benign"", ""color"": [ 236, 81, 31 ] }"
GACAACGACCATTGAA-1,"{ ""name"": ""immune cells"", ""color"": [ 76, 181, 175 ] }"
GACAGCCAGACCTGAC-1,"{ ""name"": ""Gleason 4"", ""color"": [ 255, 0, 255 ] }"
GACGGTCCTAGGGTGT-1,"{ ""name"": ""fibromuscular"", ""color"": [ 41, 50, 214 ] }"
GACGTGAGACTCCATG-1,"{ ""name"": ""Gleason 4"", ""color"": [ 255, 0, 255 ] }"
GACTAACACAGCACCT-1,"{ ""name"": ""Gleason 5"", ""color"": [ 88, 146, 212 ] }"
GACTACAAAGCGGTGG-1,"{ ""name"": ""Gleason 4"", ""color"": [ 255, 0, 255 ] }"
GACTCACCCACGTGAG-1,"{ ""name"": ""tumor stroma"", ""color"": [ 133, 133, 165 ] }"
GACTGGGCGCCGCAAC-1,"{ ""name"": ""Gleason 5"", ""color"": [ 88, 146, 212 ] }"
GAGCACGGCGCCTCTT-1,"{ ""name"": ""Gleason 5"", ""color"": [ 88, 146, 212 ] }"
GAGGATAAACAGTGCT-1,"{ ""name"": ""fibromuscular"", ""color"": [ 41, 50, 214 ] }"
GAGGCTATCAAAGTCG-1,"{ ""name"": ""Gleason 3"", ""color"": [ 0, 255, 0 ] }"
GAGGTCTTAGTGGGTC-1,"{ ""name"": ""Gleason 5"", ""color"": [ 88, 146, 212 ] }"
GAGTATGCCCGCCTTG-1,"{ ""name"": ""fibromuscular"", ""color"": [ 41, 50, 214 ] }"
GATAAGGCAGATGCAA-1,"{ ""name"": ""Gleason 4"", ""color"": [ 255, 0, 255 ] }"
GATAGGATTAATTACA-1,"{ ""name"": ""fibromuscular"", ""color"": [ 41, 50, 214 ] }"
GATATGGATTACGCGG-1,"{ ""name"": ""Gleason 3"", ""color"": [ 0, 255, 0 ] }"
GATCCCTTTATACTGC-1,"{ ""name"": ""Gleason 3"", ""color"": [ 0, 255, 0 ] }"
GATCCTCGACACTGGC-1,"{ ""name"": ""Gleason 3"", ""color"": [ 0, 255, 0 ] }"
GATCGACACTATCTGA-1,"{ ""name"": ""Gleason 3"", ""color"": [ 0, 255, 0 ] }"
GATGTCCGGATCACAT-1,"{ ""name"": ""Gleason 4"", ""color"": [ 255, 0, 255 ] }"
GATTCCGCGTTTCCGT-1,"{ ""name"": ""Gleason 3"", ""color"": [ 0, 255, 0 ] }"
GATTCGACGGTTCACG-1,"{ ""name"": ""benign"", ""color"": [ 236, 81, 31 ] }"
GCAAGAATTCCTTGGC-1,"{ ""name"": ""Gleason 3"", ""color"": [ 0, 255, 0 ] }"
GCAGACCCAGCACGTA-1,"{ ""name"": ""Gleason 5"", ""color"": [ 88, 146, 212 ] }"
GCCAGGCGTTCGCATG-1,"{ ""name"": ""Gleason 5"", ""color"": [ 88, 146, 212 ] }"
GCCCAGATGCTGGAGA-1,"{ ""name"": ""tumor stroma"", ""color"": [ 133, 133, 165 ] }"
GCCGCACTCCGTTTCA-1,"{ ""name"": ""Gleason 4"", ""color"": [ 255, 0, 255 ] }"
GCCGCTAGATACGCAG-1,"{ ""name"": ""Gleason 5"", ""color"": [ 88, 146, 212 ] }"
GCCGTGGAAGAAATGT-1,"{ ""name"": ""fibromuscular"", ""color"": [ 41, 50, 214 ] }"
GCGAGAGTTGCGTCCA-1,"{ ""name"": ""Gleason 4"", ""color"": [ 255, 0, 255 ] }"
GCGAGGCCCGAGCAGA-1,"{ ""name"": ""Gleason 4"", ""color"": [ 255, 0, 255 ] }"
GCGCAAATATATTCAA-1,"{ ""name"": ""Gleason 3"", ""color"": [ 0, 255, 0 ] }"
GCGCTAATTGAATAGA-1,"{ ""name"": ""benign"", ""color"": [ 236, 81, 31 ] }"
GCGGACCGCGTTGTGG-1,"{ ""name"": ""fibromuscular"", ""color"": [ 41, 50, 214 ] }"
GCGTAAATGGCCATAA-1,"{ ""name"": ""Gleason 4"", ""color"": [ 255, 0, 255 ] }"
GCTCGCTCATGTCCAA-1,"{ ""name"": ""Gleason 4"", ""color"": [ 255, 0, 255 ] }"
GCTCTCGGGTACCGAA-1,"{ ""name"": ""Gleason 3"", ""color"": [ 0, 255, 0 ] }"
GCTGAACTCTCCAGGG-1,"{ ""name"": ""Gleason 4"", ""color"": [ 255, 0, 255 ] }"
GCTGAATCTTCCAATC-1,"{ ""name"": ""Gleason 3"", ""color"": [ 0, 255, 0 ] }"
GCTGAGGCGTGAGTAT-1,"{ ""name"": ""benign"", ""color"": [ 236, 81, 31 ] }"
GCTGTATTACTGGCCC-1,"{ ""name"": ""Gleason 3"", ""color"": [ 0, 255, 0 ] }"
GCTGTCTGTGATCGAC-1,"{ ""name"": ""Gleason 5"", ""color"": [ 88, 146, 212 ] }"
GCTGTTGCTACCGAAC-1,"{ ""name"": ""Gleason 4"", ""color"": [ 255, 0, 255 ] }"
GCTTGATGATAATCAG-1,"{ ""name"": ""Gleason 3"", ""color"": [ 0, 255, 0 ] }"
GGAGGCCGAAGTCGTC-1,"{ ""name"": ""fibromuscular"", ""color"": [ 41, 50, 214 ] }"
GGAGGCGAAGAACCGC-1,"{ ""name"": ""Gleason 5"", ""color"": [ 88, 146, 212 ] }"
GGAGTGCCGCCCTGGA-1,"{ ""name"": ""Gleason 3"", ""color"": [ 0, 255, 0 ] }"
GGATGAAGATCGCTGA-1,"{ ""name"": ""Gleason 4"", ""color"": [ 255, 0, 255 ] }"
GGATGACGCGAGTTTA-1,"{ ""name"": ""Gleason 4"", ""color"": [ 255, 0, 255 ] }"
GGATGCTGGCGTTCCT-1,"{ ""name"": ""benign"", ""color"": [ 236, 81, 31 ] }"
GGCCGTTTGGGTTTCA-1,"{ ""name"": ""fibromuscular"", ""color"": [ 41, 50, 214 ] }"
GGCGAAATCTAACTTG-1,"{ ""name"": ""Gleason 4"", ""color"": [ 255, 0, 255 ] }"
GGCTAAAGGGCGGGTC-1,"{ ""name"": ""Gleason 4"", ""color"": [ 255, 0, 255 ] }"
GGCTCGTGCCACCAGC-1,"{ ""name"": ""Gleason 3"", ""color"": [ 0, 255, 0 ] }"
GGGAGTAATGGCTGGC-1,"{ ""name"": ""Gleason 4"", ""color"": [ 255, 0, 255 ] }"
GGGATGGTCGTAACCG-1,"{ ""name"": ""fibromuscular"", ""color"": [ 41, 50, 214 ] }"
GGGCAACCGCACGTGC-1,"{ ""name"": ""Gleason 3"", ""color"": [ 0, 255, 0 ] }"
GGGCCCTACGAAAGGG-1,"{ ""name"": ""benign"", ""color"": [ 236, 81, 31 ] }"
GGGCTGCCTAGGGCGA-1,"{ ""name"": ""benign"", ""color"": [ 236, 81, 31 ] }"
GGGTACTTCATGAACT-1,"{ ""name"": ""Gleason 3"", ""color"": [ 0, 255, 0 ] }"
GGGTGACACCTTAACT-1,"{ ""name"": ""Gleason 4"", ""color"": [ 255, 0, 255 ] }"
GGGTTAACATTTGAGT-1,"{ ""name"": ""Gleason 3"", ""color"": [ 0, 255, 0 ] }"
GGTAGTGCTCGCACCA-1,"{ ""name"": ""benign"", ""color"": [ 236, 81, 31 ] }"
GGTCACGTTAGATTCA-1,"{ ""name"": ""Gleason 4"", ""color"": [ 255, 0, 255 ] }"
GGTGAAGTACAGGGAT-1,"{ ""name"": ""Gleason 3"", ""color"": [ 0, 255, 0 ] }"
GGTGATTTCATCTTGT-1,"{ ""name"": ""Gleason 4"", ""color"": [ 255, 0, 255 ] }"
GGTGCTGATCACAAAG-1,"{ ""name"": ""Gleason 3"", ""color"": [ 0, 255, 0 ] }"
GGTGGAGGTTGATACG-1,"{ ""name"": ""fibromuscular"", ""color"": [ 41, 50, 214 ] }"
GGTGTTCTGTTTCTAC-1,"{ ""name"": ""Gleason 5"", ""color"": [ 88, 146, 212 ] }"
GGTTCCACCCGCTTCT-1,"{ ""name"": ""Gleason 3"", ""color"": [ 0, 255, 0 ] }"
GGTTCTACTCGTCTGA-1,"{ ""name"": ""Gleason 5"", ""color"": [ 88, 146, 212 ] }"
GTAACTTGCGGCAGTC-1,"{ ""name"": ""Gleason 4"", ""color"": [ 255, 0, 255 ] }"
GTAAGTCCACACTCTA-1,"{ ""name"": ""Gleason 4"", ""color"": [ 255, 0, 255 ] }"
GTACACTTACCTGAAG-1,"{ ""name"": ""Gleason 3"", ""color"": [ 0, 255, 0 ] }"
GTACAGAGGCAAGGGT-1,"{ ""name"": ""Gleason 3"", ""color"": [ 0, 255, 0 ] }"
GTACGTTTGCCCGTCA-1,"{ ""name"": ""benign"", ""color"": [ 236, 81, 31 ] }"
GTACTGCATGAAGCGT-1,"{ ""name"": ""Gleason 4"", ""color"": [ 255, 0, 255 ] }"
GTAGCCAAACATGGGA-1,"{ ""name"": ""benign"", ""color"": [ 236, 81, 31 ] }"
GTAGCGGCTATACACT-1,"{ ""name"": ""benign"", ""color"": [ 236, 81, 31 ] }"
GTATAGTGGCCCATGT-1,"{ ""name"": ""Gleason 5"", ""color"": [ 88, 146, 212 ] }"
GTATCAGCTTGGGTTC-1,"{ ""name"": ""Gleason 3"", ""color"": [ 0, 255, 0 ] }"
GTCACCTGTCTATGTC-1,"{ ""name"": ""Gleason 5"", ""color"": [ 88, 146, 212 ] }"
GTCATTAGAGCGAACG-1,"{ ""name"": ""benign"", ""color"": [ 236, 81, 31 ] }"
GTCCATTACTGCTACG-1,"{ ""name"": ""Gleason 5"", ""color"": [ 88, 146, 212 ] }"
GTCCCAACGTAAAGTA-1,"{ ""name"": ""benign"", ""color"": [ 236, 81, 31 ] }"
GTCCGGCTGAATTGCG-1,"{ ""name"": ""Gleason 3"", ""color"": [ 0, 255, 0 ] }"
GTCGCCGTTGTGTGTT-1,"{ ""name"": ""fibromuscular"", ""color"": [ 41, 50, 214 ] }"
GTCGGATATCTCAGAC-1,"{ ""name"": ""Gleason 3"", ""color"": [ 0, 255, 0 ] }"
GTCTATCTGAGTTTCT-1,"{ ""name"": ""Gleason 3"", ""color"": [ 0, 255, 0 ] }"
GTCTTGAGGAGCAGTG-1,"{ ""name"": ""tumor stroma"", ""color"": [ 133, 133, 165 ] }"
GTGAAACGTGCTCCAC-1,"{ ""name"": ""Gleason 4"", ""color"": [ 255, 0, 255 ] }"
GTGACTTCAGTAGTGC-1,"{ ""name"": ""Gleason 4"", ""color"": [ 255, 0, 255 ] }"
GTGATCATAGATCTGC-1,"{ ""name"": ""Gleason 4"", ""color"": [ 255, 0, 255 ] }"
GTGCCCGTTCGGATTC-1,"{ ""name"": ""Gleason 3"", ""color"": [ 0, 255, 0 ] }"
GTGCGGGACCATCGGC-1,"{ ""name"": ""Gleason 4"", ""color"": [ 255, 0, 255 ] }"
GTGCTTACATCAGCGC-1,"{ ""name"": ""tumor stroma"", ""color"": [ 133, 133, 165 ] }"
GTGGACGTGCTGAGAC-1,"{ ""name"": ""Gleason 3"", ""color"": [ 0, 255, 0 ] }"
GTGGAGCATGTCGGCC-1,"{ ""name"": ""tumor stroma"", ""color"": [ 133, 133, 165 ] }"
GTGGGAAGACTGAATC-1,"{ ""name"": ""Gleason 3"", ""color"": [ 0, 255, 0 ] }"
GTGGTCAGCGAAGTAT-1,"{ ""name"": ""Gleason 5"", ""color"": [ 88, 146, 212 ] }"
GTGGTTACTTCTTTCG-1,"{ ""name"": ""Gleason 4"", ""color"": [ 255, 0, 255 ] }"
GTGGTTTCCGCCTTTC-1,"{ ""name"": ""Gleason 3"", ""color"": [ 0, 255, 0 ] }"
GTGTACCTTGGCTACG-1,"{ ""name"": ""immune cells"", ""color"": [ 76, 181, 175 ] }"
GTGTATGACTTTAAAG-1,"{ ""name"": ""Gleason 4"", ""color"": [ 255, 0, 255 ] }"
GTGTCCGATAAGGCAT-1,"{ ""name"": ""Gleason 5"", ""color"": [ 88, 146, 212 ] }"
GTTACCTACAACTTGC-1,"{ ""name"": ""benign"", ""color"": [ 236, 81, 31 ] }"
GTTAGCCGTAAATCAA-1,"{ ""name"": ""benign"", ""color"": [ 236, 81, 31 ] }"
GTTCATCGTTTGGCTG-1,"{ ""name"": ""Gleason 4"", ""color"": [ 255, 0, 255 ] }"
GTTCGGGCGTACCATT-1,"{ ""name"": ""benign"", ""color"": [ 236, 81, 31 ] }"
TAAAGACAACCCTTTA-1,"{ ""name"": ""Gleason 4"", ""color"": [ 255, 0, 255 ] }"
TAAAGCTGCAATAGGG-1,"{ ""name"": ""Gleason 4"", ""color"": [ 255, 0, 255 ] }"
TAACAAAGGGAGAAGC-1,"{ ""name"": ""Gleason 3"", ""color"": [ 0, 255, 0 ] }"
TAACAATATTTGTTGC-1,"{ ""name"": ""Gleason 3"", ""color"": [ 0, 255, 0 ] }"
TAACATACAATGTGGG-1,"{ ""name"": ""benign"", ""color"": [ 236, 81, 31 ] }"
TAAGGCTGAATCCCTC-1,"{ ""name"": ""Gleason 4"", ""color"": [ 255, 0, 255 ] }"
TAAGGGCTGGGAGAGG-1,"{ ""name"": ""benign"", ""color"": [ 236, 81, 31 ] }"
TAAGTAAATGTGCCGC-1,"{ ""name"": ""Gleason 5"", ""color"": [ 88, 146, 212 ] }"
TAATTAGGACATCCGT-1,"{ ""name"": ""Gleason 5"", ""color"": [ 88, 146, 212 ] }"
TACAAATTGCGGAGGT-1,"{ ""name"": ""Gleason 3"", ""color"": [ 0, 255, 0 ] }"
TACCAGAAGTAGGTTC-1,"{ ""name"": ""Gleason 4"", ""color"": [ 255, 0, 255 ] }"
TACCTGCTGCACTGTG-1,"{ ""name"": ""Gleason 3"", ""color"": [ 0, 255, 0 ] }"
TACGCTATAGAAACCT-1,"{ ""name"": ""Gleason 4"", ""color"": [ 255, 0, 255 ] }"
TACGGGATGCTAGCAG-1,"{ ""name"": ""Gleason 3"", ""color"": [ 0, 255, 0 ] }"
TACGTGCACTATGCTG-1,"{ ""name"": ""Gleason 3"", ""color"": [ 0, 255, 0 ] }"
TACTTTCCGCACGCCA-1,"{ ""name"": ""Gleason 3"", ""color"": [ 0, 255, 0 ] }"
TAGACTACCTAGCGTT-1,"{ ""name"": ""Gleason 5"", ""color"": [ 88, 146, 212 ] }"
TAGCCATTTCAAAGTC-1,"{ ""name"": ""Gleason 4"", ""color"": [ 255, 0, 255 ] }"
TAGGTTCGAGTTCGTC-1,"{ ""name"": ""benign"", ""color"": [ 236, 81, 31 ] }"
TAGTGGAACTCATACA-1,"{ ""name"": ""Gleason 3"", ""color"": [ 0, 255, 0 ] }"
TATACACGCAAAGTAT-1,"{ ""name"": ""Gleason 3"", ""color"": [ 0, 255, 0 ] }"
TATAGATGGTCGCAGT-1,"{ ""name"": ""Gleason 5"", ""color"": [ 88, 146, 212 ] }"
TATCACCATGTAAAGT-1,"{ ""name"": ""Gleason 5"", ""color"": [ 88, 146, 212 ] }"
TATCACTTCGAGTAAC-1,"{ ""name"": ""Gleason 4"", ""color"": [ 255, 0, 255 ] }"
TATGAAGACAGGTGCG-1,"{ ""name"": ""Gleason 3"", ""color"": [ 0, 255, 0 ] }"
TATGGTTAGTGGGAGA-1,"{ ""name"": ""Gleason 5"", ""color"": [ 88, 146, 212 ] }"
TATGTCAAGACCGACT-1,"{ ""name"": ""benign"", ""color"": [ 236, 81, 31 ] }"
TATTACCATCCTGCTT-1,"{ ""name"": ""Gleason 4"", ""color"": [ 255, 0, 255 ] }"
TATTCAATTCTAATCC-1,"{ ""name"": ""benign"", ""color"": [ 236, 81, 31 ] }"
TATTCCTCCGCCCACT-1,"{ ""name"": ""Gleason 3"", ""color"": [ 0, 255, 0 ] }"
TATTTAGTCTAGATCG-1,"{ ""name"": ""Gleason 3"", ""color"": [ 0, 255, 0 ] }"
TCAACAAAGATAATTC-1,"{ ""name"": ""benign"", ""color"": [ 236, 81, 31 ] }"
TCAACATAGCGCCCTA-1,"{ ""name"": ""fibromuscular"", ""color"": [ 41, 50, 214 ] }"
TCAAGAAATACTAGCT-1,"{ ""name"": ""Gleason 4"", ""color"": [ 255, 0, 255 ] }"
TCACAGCAAACTCGAA-1,"{ ""name"": ""Gleason 3"", ""color"": [ 0, 255, 0 ] }"
TCACATCTTATCTGAT-1,"{ ""name"": ""Gleason 3"", ""color"": [ 0, 255, 0 ] }"
TCACGATGTCCGTGGA-1,"{ ""name"": ""benign"", ""color"": [ 236, 81, 31 ] }"
TCAGAACCTCCACAGG-1,"{ ""name"": ""Gleason 4"", ""color"": [ 255, 0, 255 ] }"
TCAGACGCTATAGAAG-1,"{ ""name"": ""benign"", ""color"": [ 236, 81, 31 ] }"
TCAGGGTGTAACGTAA-1,"{ ""name"": ""immune cells"", ""color"": [ 76, 181, 175 ] }"
TCAGTAGGGACTATAA-1,"{ ""name"": ""Gleason 4"", ""color"": [ 255, 0, 255 ] }"
TCAGTTACGGAATGAT-1,"{ ""name"": ""Gleason 3"", ""color"": [ 0, 255, 0 ] }"
TCCAGAGCACCGGTTC-1,"{ ""name"": ""benign"", ""color"": [ 236, 81, 31 ] }"
TCCCACTCTCTTCCGG-1,"{ ""name"": ""Gleason 4"", ""color"": [ 255, 0, 255 ] }"
TCCCGGTCAGGAATTT-1,"{ ""name"": ""Gleason 4"", ""color"": [ 255, 0, 255 ] }"
TCCGAGAAGGCTAAGC-1,"{ ""name"": ""Gleason 4"", ""color"": [ 255, 0, 255 ] }"
TCCGGCCTGCATCGAT-1,"{ ""name"": ""Gleason 4"", ""color"": [ 255, 0, 255 ] }"
TCCTCCTAAGACATTC-1,"{ ""name"": ""Gleason 4"", ""color"": [ 255, 0, 255 ] }"
TCGAAGAACCGAGCAC-1,"{ ""name"": ""Gleason 4"", ""color"": [ 255, 0, 255 ] }"
TCGCATTCAATGACTT-1,"{ ""name"": ""Gleason 4"", ""color"": [ 255, 0, 255 ] }"
TCGCTGGGCGGATTGT-1,"{ ""name"": ""immune cells"", ""color"": [ 76, 181, 175 ] }"
TCGGGAACGTGCCTAG-1,"{ ""name"": ""benign"", ""color"": [ 236, 81, 31 ] }"
TCGGTTAGCCATGTAG-1,"{ ""name"": ""Gleason 5"", ""color"": [ 88, 146, 212 ] }"
TCGTAAGACGACATTG-1,"{ ""name"": ""immune cells"", ""color"": [ 76, 181, 175 ] }"
TCGTCACACTGTTAGC-1,"{ ""name"": ""Gleason 3"", ""color"": [ 0, 255, 0 ] }"
TCGTTGGCTCGTCAAT-1,"{ ""name"": ""Gleason 4"", ""color"": [ 255, 0, 255 ] }"
TCTACACGTTCATGCA-1,"{ ""name"": ""Gleason 5"", ""color"": [ 88, 146, 212 ] }"
TCTGAACCGGTCGGCT-1,"{ ""name"": ""Gleason 3"", ""color"": [ 0, 255, 0 ] }"
TCTGGGAACCTTTGAA-1,"{ ""name"": ""Gleason 4"", ""color"": [ 255, 0, 255 ] }"
TCTTACCGGAACTCGT-1,"{ ""name"": ""benign"", ""color"": [ 236, 81, 31 ] }"
TCTTAGAGCTCCAATT-1,"{ ""name"": ""Gleason 5"", ""color"": [ 88, 146, 212 ] }"
TCTTCGAATAGACGTT-1,"{ ""name"": ""benign"", ""color"": [ 236, 81, 31 ] }"
TGACAACGCATGTCGC-1,"{ ""name"": ""fibromuscular"", ""color"": [ 41, 50, 214 ] }"
TGACTATAATCCTTTC-1,"{ ""name"": ""benign"", ""color"": [ 236, 81, 31 ] }"
TGAGATTAGGCCCTAA-1,"{ ""name"": ""benign"", ""color"": [ 236, 81, 31 ] }"
TGAGTGCCTCTTAAAT-1,"{ ""name"": ""Gleason 4"", ""color"": [ 255, 0, 255 ] }"
TGATTCTGTCGCCGGT-1,"{ ""name"": ""Gleason 3"", ""color"": [ 0, 255, 0 ] }"
TGCAGAGTACCGAGCA-1,"{ ""name"": ""Gleason 4"", ""color"": [ 255, 0, 255 ] }"
TGCAGATCGTCCTAGG-1,"{ ""name"": ""benign"", ""color"": [ 236, 81, 31 ] }"
TGCCAAAGTCAGACTT-1,"{ ""name"": ""benign"", ""color"": [ 236, 81, 31 ] }"
TGCCATGGCTTATAAG-1,"{ ""name"": ""Gleason 5"", ""color"": [ 88, 146, 212 ] }"
TGCGACACCCTAGTGC-1,"{ ""name"": ""Gleason 4"", ""color"": [ 255, 0, 255 ] }"
TGCGCCGTTAATAACG-1,"{ ""name"": ""Gleason 5"", ""color"": [ 88, 146, 212 ] }"
TGCGGTCTACGAGTAA-1,"{ ""name"": ""Gleason 5"", ""color"": [ 88, 146, 212 ] }"
TGGCAACTCGCGCGCC-1,"{ ""name"": ""Gleason 3"", ""color"": [ 0, 255, 0 ] }"
TGGCACGAGCTCGAGT-1,"{ ""name"": ""Gleason 5"", ""color"": [ 88, 146, 212 ] }"
TGGCAGCAGTAATAGT-1,"{ ""name"": ""benign"", ""color"": [ 236, 81, 31 ] }"
TGGCCAAACTGAAGTA-1,"{ ""name"": ""immune cells"", ""color"": [ 76, 181, 175 ] }"
TGGCGGTGTGCGATTG-1,"{ ""name"": ""Gleason 4"", ""color"": [ 255, 0, 255 ] }"
TGGTAGAATATATGGG-1,"{ ""name"": ""Gleason 3"", ""color"": [ 0, 255, 0 ] }"
TGTACGAACAAATCCG-1,"{ ""name"": ""benign"", ""color"": [ 236, 81, 31 ] }"
TGTACTGTGCCAAAGT-1,"{ ""name"": ""Gleason 4"", ""color"": [ 255, 0, 255 ] }"
TGTAGTGATCTATAAT-1,"{ ""name"": ""Gleason 3"", ""color"": [ 0, 255, 0 ] }"
TGTATGGCGCAGACAG-1,"{ ""name"": ""Gleason 4"", ""color"": [ 255, 0, 255 ] }"
TGTGGCTCCCACCAAC-1,"{ ""name"": ""fibromuscular"", ""color"": [ 41, 50, 214 ] }"
TGTTGTCAAGAAGTCT-1,"{ ""name"": ""Gleason 3"", ""color"": [ 0, 255, 0 ] }"
TTAAACAGAGTCCCGC-1,"{ ""name"": ""Gleason 4"", ""color"": [ 255, 0, 255 ] }"
TTAACCAACCCTCCCT-1,"{ ""name"": ""Gleason 3"", ""color"": [ 0, 255, 0 ] }"
TTAAGACGAACGAACC-1,"{ ""name"": ""Gleason 5"", ""color"": [ 88, 146, 212 ] }"
TTAAGGATACGGAGGT-1,"{ ""name"": ""Gleason 4"", ""color"": [ 255, 0, 255 ] }"
TTACAGACCTAAATGA-1,"{ ""name"": ""Gleason 4"", ""color"": [ 255, 0, 255 ] }"
TTACATCGTGGCCTGG-1,"{ ""name"": ""Gleason 3"", ""color"": [ 0, 255, 0 ] }"
TTACATGCCACAACTA-1,"{ ""name"": ""Gleason 5"", ""color"": [ 88, 146, 212 ] }"
TTACGTAGCGCGTGCT-1,"{ ""name"": ""Gleason 5"", ""color"": [ 88, 146, 212 ] }"
TTAGCTAATACGATCT-1,"{ ""name"": ""Gleason 4"", ""color"": [ 255, 0, 255 ] }"
TTAGTAGGGCGGCGGG-1,"{ ""name"": ""Gleason 3"", ""color"": [ 0, 255, 0 ] }"
TTATCGCCTGCGAAGC-1,"{ ""name"": ""Gleason 3"", ""color"": [ 0, 255, 0 ] }"
TTATGCGTCCCGGTCC-1,"{ ""name"": ""Gleason 4"", ""color"": [ 255, 0, 255 ] }"
TTATGTTTGCGATAGA-1,"{ ""name"": ""Gleason 3"", ""color"": [ 0, 255, 0 ] }"
TTATTAGAGCGTGTTC-1,"{ ""name"": ""benign"", ""color"": [ 236, 81, 31 ] }"
TTCCAATCAGAGCTAG-1,"{ ""name"": ""Gleason 4"", ""color"": [ 255, 0, 255 ] }"
TTCCCGACGCTTCACT-1,"{ ""name"": ""Gleason 3"", ""color"": [ 0, 255, 0 ] }"
TTCCGGTATCTGTGTC-1,"{ ""name"": ""fibromuscular"", ""color"": [ 41, 50, 214 ] }"
TTCGCATCCGGAAGCA-1,"{ ""name"": ""benign"", ""color"": [ 236, 81, 31 ] }"
TTCGGGACTAATCGCG-1,"{ ""name"": ""benign"", ""color"": [ 236, 81, 31 ] }"
TTCTAGAAAGTCTTAT-1,"{ ""name"": ""fibromuscular"", ""color"": [ 41, 50, 214 ] }"
TTCTGCCGCGCCTAGA-1,"{ ""name"": ""benign"", ""color"": [ 236, 81, 31 ] }"
TTCTTCGCAATAGAGC-1,"{ ""name"": ""Gleason 3"", ""color"": [ 0, 255, 0 ] }"
TTCTTGCTAGCATCTC-1,"{ ""name"": ""tumor stroma"", ""color"": [ 133, 133, 165 ] }"
TTCTTGGAGTAATGAG-1,"{ ""name"": ""Gleason 3"", ""color"": [ 0, 255, 0 ] }"
TTGAAGAATTCCCAGG-1,"{ ""name"": ""Gleason 3"", ""color"": [ 0, 255, 0 ] }"
TTGAATTCACGTGAGG-1,"{ ""name"": ""Gleason 4"", ""color"": [ 255, 0, 255 ] }"
TTGAGGCATTTAACTC-1,"{ ""name"": ""Gleason 5"", ""color"": [ 88, 146, 212 ] }"
TTGCGGCATCAGAAAG-1,"{ ""name"": ""Gleason 3"", ""color"": [ 0, 255, 0 ] }"
TTGGACATGTGGCTTA-1,"{ ""name"": ""Gleason 3"", ""color"": [ 0, 255, 0 ] }"
TTGGAGTCTCCCTTCT-1,"{ ""name"": ""Gleason 4"", ""color"": [ 255, 0, 255 ] }"
TTGGTTCGCTCAAAGG-1,"{ ""name"": ""Gleason 4"", ""color"": [ 255, 0, 255 ] }"
TTGTAATCCGTACTCG-1,"{ ""name"": ""Gleason 3"", ""color"": [ 0, 255, 0 ] }"
TTGTTCAGTGTGCTAC-1,"{ ""name"": ""Gleason 3"", ""color"": [ 0, 255, 0 ] }"
